name,username,email,created,status
Adelina Escolano,Adelina_Escolano_445,Adelina.Escolano445@example.com,2024-08-23,active
Adoración Merino,Adoración_Merino_368,Adoración.Merino368@example.com,2025-02-10,active
Águeda Roura,Águeda_Roura_6,Águeda.Roura6@example.com,2024-12-31,active
Águeda Roura,Águeda_Roura_6,Águeda.Roura6@example.com,2024-12-31,active
Alfonso Ferreras,Alfonso_Ferreras_468,Alfonso.Ferreras468@example.com,2025-02-15,active
Aníbal Azorin,Aníbal_Azorin_36,Aníbal.Azorin36@example.com,2025-02-12,active
Aníbal Prat,Aníbal_Prat_11,Aníbal.Prat11@example.com,2024-07-24,active
Anunciación Mesa,Anunciación_Mesa_49,Anunciación.Mesa49@example.com,2025-02-26,active
Azeneth Andrade,Azeneth_Andrade_412,Azeneth.Andrade412@example.com,2024-11-15,active
Azeneth Andrade,Azeneth_Andrade_412,Azeneth.Andrade412@example.com,2024-11-15,active
Bruno Paniagua,Bruno_Paniagua_85,Bruno.Paniagua85@example.com,2024-12-25,active
Bruno Paniagua,Bruno_Paniagua_85,Bruno.Paniagua85@example.com,2024-12-25,active
Bruno Paniagua,Bruno_Paniagua_85,Bruno.Paniagua85@example.com,2024-12-25,active
Carmen Galán,Carmen_Galán_339,Carmen.Galán339@example.com,2024-07-24,active
Carmen Galán,Carmen_Galán_339,Carmen.Galán339@example.com,2024-07-24,active
Carmina Andrade,Carmina_Andrade_67,Carmina.Andrade67@example.com,2024-10-21,active
Carolina Flor,Carolina_Flor_431,Carolina.Flor431@example.com,2024-12-29,active
Cosme Macias,Cosme_Macias_121,Cosme.Macias121@example.com,2025-01-30,active
Curro Córdoba,Curro_Córdoba_197,Curro.Córdoba197@example.com,2025-01-07,active
Darío Raya,Darío_Raya_161,Darío.Raya161@example.com,2024-12-26,active
Darío Raya,Darío_Raya_161,Darío.Raya161@example.com,2024-12-26,active
Darío Raya,Darío_Raya_161,Darío.Raya161@example.com,2024-12-26,active
Eduardo Izquierdo,Eduardo_Izquierdo_438,Eduardo.Izquierdo438@example.com,2025-03-22,active
Eduardo Sales,Eduardo_Sales_266,Eduardo.Sales266@example.com,2025-02-25,active
Elena Cabrera,Elena_Cabrera_451,Elena.Cabrera451@example.com,2025-05-06,active
Elena Ramos,Elena_Ramos_253,Elena.Ramos253@example.com,2024-12-20,active
Estrella Valbuena,Estrella_Valbuena_428,Estrella.Valbuena428@example.com,2024-08-25,active
Estrella Valbuena,Estrella_Valbuena_428,Estrella.Valbuena428@example.com,2024-08-25,active
Evangelina Landa,Evangelina_Landa_465,Evangelina.Landa465@example.com,2025-04-05,active
Fabiola Andres,Fabiola_Andres_76,Fabiola.Andres76@example.com,2025-03-16,active
Fabiola Andres,Fabiola_Andres_76,Fabiola.Andres76@example.com,2025-03-16,active
Fabiola Andres,Fabiola_Andres_76,Fabiola.Andres76@example.com,2025-03-16,active
Fabiola Rosselló,Fabiola_Rosselló_341,Fabiola.Rosselló341@example.com,2025-03-03,active
Felipa Verdejo,Felipa_Verdejo_293,Felipa.Verdejo293@example.com,2025-02-24,active
Filomena Puerta,Filomena_Puerta_157,Filomena.Puerta157@example.com,2024-07-31,active
Flavia Gascón,Flavia_Gascón_35,Flavia.Gascón35@example.com,2025-07-06,active
Gema Galiano,Gema_Galiano_160,Gema.Galiano160@example.com,2024-12-03,active
Gilberto Verdejo,Gilberto_Verdejo_87,Gilberto.Verdejo87@example.com,2025-02-16,active
Gilberto Verdejo,Gilberto_Verdejo_87,Gilberto.Verdejo87@example.com,2025-02-16,active
Griselda Morales,Griselda_Morales_188,Griselda.Morales188@example.com,2025-06-17,active
Ignacio Hurtado,Ignacio_Hurtado_302,Ignacio.Hurtado302@example.com,2025-02-19,active
Isaac Marti,Isaac_Marti_52,Isaac.Marti52@example.com,2024-08-09,active
Isidro Miranda,Isidro_Miranda_122,Isidro.Miranda122@example.com,2025-06-08,active
Jafet Perera,Jafet_Perera_92,Jafet.Perera92@example.com,2025-06-01,active
Jafet Perera,Jafet_Perera_92,Jafet.Perera92@example.com,2025-06-01,active
Jenny Santiago,Jenny_Santiago_147,Jenny.Santiago147@example.com,2025-06-22,active
Jorge Adán,Jorge_Adán_471,Jorge.Adán471@example.com,2025-04-19,active
Juan José Sandoval,Juan José_Sandoval_167,Juan José.Sandoval167@example.com,2025-03-23,active
Juliana Bernat,Juliana_Bernat_254,Juliana.Bernat254@example.com,2024-08-12,active
Leonardo Amigó,Leonardo_Amigó_346,Leonardo.Amigó346@example.com,2025-07-02,active
Loreto Hernández,Loreto_Hernández_354,Loreto.Hernández354@example.com,2024-10-14,active
Lucho Clemente,Lucho_Clemente_365,Lucho.Clemente365@example.com,2025-04-16,active
Luis Miguel Casas,Luis Miguel_Casas_24,Luis Miguel.Casas24@example.com,2024-07-20,active
Luna Cruz,Luna_Cruz_8,Luna.Cruz8@example.com,2024-08-24,active
Lupita Luna,Lupita_Luna_303,Lupita.Luna303@example.com,2024-10-11,active
Macaria Abella,Macaria_Abella_500,Macaria.Abella500@example.com,2025-03-13,active
Macaria Abella,Macaria_Abella_500,Macaria.Abella500@example.com,2025-03-13,active
Macaria Cabo,Macaria_Cabo_415,Macaria.Cabo415@example.com,2025-03-16,active
Macaria Cabo,Macaria_Cabo_415,Macaria.Cabo415@example.com,2025-03-16,active
Manu Blázquez,Manu_Blázquez_472,Manu.Blázquez472@example.com,2025-03-16,active
Marianela Salamanca,Marianela_Salamanca_488,Marianela.Salamanca488@example.com,2024-07-29,active
Martirio Anguita,Martirio_Anguita_316,Martirio.Anguita316@example.com,2024-07-31,active
Martirio Anguita,Martirio_Anguita_316,Martirio.Anguita316@example.com,2024-07-31,active
Maximiano Hernando,Maximiano_Hernando_134,Maximiano.Hernando134@example.com,2024-11-20,active
Micaela Pizarro,Micaela_Pizarro_7,Micaela.Pizarro7@example.com,2024-08-16,active
Moreno Nebot,Moreno_Nebot_491,Moreno.Nebot491@example.com,2025-03-30,active
Nadia Redondo,Nadia_Redondo_111,Nadia.Redondo111@example.com,2025-03-07,active
Nidia Barrios,Nidia_Barrios_457,Nidia.Barrios457@example.com,2025-06-03,active
Nidia Barrios,Nidia_Barrios_457,Nidia.Barrios457@example.com,2025-06-03,active
Olga Bellido,Olga_Bellido_477,Olga.Bellido477@example.com,2025-03-11,active
Omar Echeverría,Omar_Echeverría_444,Omar.Echeverría444@example.com,2024-08-29,active
Onofre Carreras,Onofre_Carreras_1,Onofre.Carreras1@example.com,2025-03-28,active
Onofre Hervás,Onofre_Hervás_198,Onofre.Hervás198@example.com,2025-03-25,active
Paz Carrión,Paz_Carrión_21,Paz.Carrión21@example.com,2025-07-10,active
Raúl Yáñez,Raúl_Yáñez_84,Raúl.Yáñez84@example.com,2025-04-12,active
Raúl Yáñez,Raúl_Yáñez_84,Raúl.Yáñez84@example.com,2025-04-12,active
Ricardo Bravo,Ricardo_Bravo_22,Ricardo.Bravo22@example.com,2025-04-05,active
Roberta Frutos,Roberta_Frutos_220,Roberta.Frutos220@example.com,2025-04-15,active
Roberta Frutos,Roberta_Frutos_220,Roberta.Frutos220@example.com,2025-04-15,active
Ruy Arteaga,Ruy_Arteaga_476,Ruy.Arteaga476@example.com,2025-04-28,active
Sabas Romero,Sabas_Romero_208,Sabas.Romero208@example.com,2024-07-27,active
Salud Comas,Salud_Comas_34,Salud.Comas34@example.com,2025-07-02,active
Sarita Morante,Sarita_Morante_474,Sarita.Morante474@example.com,2025-03-28,active
Sarita Morante,Sarita_Morante_474,Sarita.Morante474@example.com,2025-03-28,active
Sarita Ruano,Sarita_Ruano_384,Sarita.Ruano384@example.com,2025-02-04,active
Selena Polo,Selena_Polo_18,Selena.Polo18@example.com,2024-09-14,active
Selena Pulido,Selena_Pulido_429,Selena.Pulido429@example.com,2025-01-31,active
Selena Redondo,Selena_Redondo_426,Selena.Redondo426@example.com,2025-05-22,active
Seve Campoy,Seve_Campoy_478,Seve.Campoy478@example.com,2025-05-21,active
Soledad Castro,Soledad_Castro_389,Soledad.Castro389@example.com,2025-04-11,active
Sonia Tamayo,Sonia_Tamayo_320,Sonia.Tamayo320@example.com,2025-07-02,active
Tecla Hurtado,Tecla_Hurtado_189,Tecla.Hurtado189@example.com,2024-12-22,active
Toño Escolano,Toño_Escolano_153,Toño.Escolano153@example.com,2024-11-28,active
Toño Escolano,Toño_Escolano_153,Toño.Escolano153@example.com,2024-11-28,active
Trini Ferreras,Trini_Ferreras_295,Trini.Ferreras295@example.com,2025-03-05,active
Vera Heredia,Vera_Heredia_345,Vera.Heredia345@example.com,2025-05-12,active
Vito Higueras,Vito_Higueras_40,Vito.Higueras40@example.com,2025-04-26,active
Vito Higueras,Vito_Higueras_40,Vito.Higueras40@example.com,2025-04-26,active
Ximena Cerdá,Ximena_Cerdá_50,Ximena.Cerdá50@example.com,2024-09-25,active
