user_id,name,email,created_date,termitation_date,status
142,Aarón Díez,Aarón.Díez142@example.com,2025-05-04,,active
63,Aarón Sanjuan,Aarón.Sanjuan63@example.com,2024-12-08,,active
595,Abel Rozas,Abel.Rozas595@example.com,2024-07-02,2026-06-10,inactive
230,Abel Romeu,Abel.Romeu230@example.com,2025-01-23,,active
163,Abilio Mendizábal,Abilio.Mendizábal163@example.com,2024-12-24,,active
674,Abilio Hurtado,Abilio.Hurtado674@example.com,2024-08-17,,active
776,Abilio Ferrera,Abilio.Ferrera776@example.com,2024-07-04,2026-06-09,inactive
886,Abilio Ribes,Abilio.Ribes886@example.com,2024-09-16,,active
473,Adela Expósito,Adela.Expósito473@example.com,2024-08-01,,active
530,Adela Cal,Adela.Cal530@example.com,2025-04-28,2025-08-15,inactive
931,Adelia Narváez,Adelia.Narváez931@example.com,2025-02-26,,active
647,Adelia Pera,Adelia.Pera647@example.com,2024-09-29,2026-03-14,inactive
8,Adelia Malo,Adelia.Malo8@example.com,2025-06-01,,active
158,Adelia Bas,Adelia.Bas158@example.com,2025-05-07,,active
496,Adelina Rivera,Adelina.Rivera496@example.com,2024-10-01,2026-03-11,inactive
28,Adolfo Carpio,Adolfo.Carpio28@example.com,2025-01-15,2025-11-25,inactive
18,Adolfo Solís,Adolfo.Solís18@example.com,2025-01-18,,active
619,Adrián Romeu,Adrián.Romeu619@example.com,2024-08-26,,active
835,Adrián Nevado,Adrián.Nevado835@example.com,2024-12-21,,active
902,Adán Gabaldón,Adán.Gabaldón902@example.com,2024-10-26,2026-02-14,inactive
808,Adán Bertrán,Adán.Bertrán808@example.com,2024-07-16,2026-05-27,inactive
970,Aitana Márquez,Aitana.Márquez970@example.com,2024-11-30,,active
236,Aitana Ochoa,Aitana.Ochoa236@example.com,2024-12-14,2025-12-27,inactive
145,Aitor Cabello,Aitor.Cabello145@example.com,2024-11-16,2026-01-25,inactive
475,Aitor Madrigal,Aitor.Madrigal475@example.com,2024-12-19,,active
726,Albina Villalba,Albina.Villalba726@example.com,2025-01-30,2025-11-10,inactive
539,Albina Redondo,Albina.Redondo539@example.com,2024-07-05,2026-06-07,inactive
249,Alicia Giralt,Alicia.Giralt249@example.com,2024-12-20,2025-12-21,inactive
27,Amado Cerdá,Amado.Cerdá27@example.com,2024-08-03,,active
532,Amado Gómez,Amado.Gómez532@example.com,2024-07-24,,active
252,Amado Arcos,Amado.Arcos252@example.com,2025-01-02,,active
831,Amado Ortuño,Amado.Ortuño831@example.com,2024-08-25,2026-04-18,inactive
884,Amado Iniesta,Amado.Iniesta884@example.com,2024-07-04,,active
465,Amado Morante,Amado.Morante465@example.com,2025-05-08,,active
184,Amador Matas,Amador.Matas184@example.com,2024-07-10,,active
300,Amador Nieto,Amador.Nieto300@example.com,2025-02-02,,active
275,Amalia Tamayo,Amalia.Tamayo275@example.com,2024-10-27,,active
374,Amalia Farré,Amalia.Farré374@example.com,2024-07-21,2026-05-23,inactive
732,Amanda Alcalá,Amanda.Alcalá732@example.com,2024-11-21,,active
583,Amanda Salmerón,Amanda.Salmerón583@example.com,2024-07-15,2026-05-28,inactive
798,Amando Bernat,Amando.Bernat798@example.com,2024-07-01,,active
216,Amaro Coloma,Amaro.Coloma216@example.com,2024-09-15,2026-03-27,inactive
485,Amaya Pintor,Amaya.Pintor485@example.com,2025-04-17,2025-08-25,inactive
330,Amor Roldan,Amor.Roldan330@example.com,2025-02-03,2025-11-06,inactive
466,Amor Zorrilla,Amor.Zorrilla466@example.com,2025-04-17,,active
859,Amílcar Romero,Amílcar.Romero859@example.com,2024-12-02,2026-01-08,inactive
971,Ana Echevarría,Ana.Echevarría971@example.com,2024-08-31,2026-04-11,inactive
338,Andrés Felipe Macías,Andrés Felipe.Macías338@example.com,2024-08-10,,active
896,Angelina Bermúdez,Angelina.Bermúdez896@example.com,2024-07-15,2026-05-29,inactive
71,Angelina Corominas,Angelina.Corominas71@example.com,2025-01-30,2025-11-11,inactive
202,Angelita Ricart,Angelita.Ricart202@example.com,2024-06-22,,active
3,Angelita Barrios,Angelita.Barrios3@example.com,2024-06-26,2026-06-17,inactive
934,Angelita Hervia,Angelita.Hervia934@example.com,2025-04-27,,active
96,Ani Coronado,Ani.Coronado96@example.com,2024-07-05,,active
702,Ani Matas,Ani.Matas702@example.com,2025-03-13,,active
433,Ani Gonzalez,Ani.Gonzalez433@example.com,2024-11-04,2026-02-06,inactive
762,Ani Torrents,Ani.Torrents762@example.com,2025-01-30,,active
961,Ani Aragonés,Ani.Aragonés961@example.com,2025-01-19,2025-11-22,inactive
673,Anselma Ruano,Anselma.Ruano673@example.com,2025-06-11,,active
259,Anselma Cruz,Anselma.Cruz259@example.com,2025-03-24,2025-09-19,inactive
782,Anselma Madrigal,Anselma.Madrigal782@example.com,2025-03-17,2025-09-26,inactive
86,Antonia Pérez,Antonia.Pérez86@example.com,2024-08-02,2026-05-11,inactive
223,Antonio Pera,Antonio.Pera223@example.com,2025-03-23,,active
544,Anunciación Nevado,Anunciación.Nevado544@example.com,2025-01-17,2025-11-24,inactive
476,Anunciación Dávila,Anunciación.Dávila476@example.com,2025-05-20,,active
166,Anunciación Hernando,Anunciación.Hernando166@example.com,2024-07-03,2026-06-09,inactive
903,Aníbal Arrieta,Aníbal.Arrieta903@example.com,2024-06-22,,active
912,Aníbal Aller,Aníbal.Aller912@example.com,2025-04-03,,active
213,Apolonia Macias,Apolonia.Macias213@example.com,2024-09-19,2026-03-23,inactive
724,Apolonia Llano,Apolonia.Llano724@example.com,2025-05-23,2025-07-20,inactive
921,Araceli Tapia,Araceli.Tapia921@example.com,2024-09-03,,active
104,Araceli Pi,Araceli.Pi104@example.com,2024-07-22,,active
968,Ariadna Azorin,Ariadna.Azorin968@example.com,2025-02-02,,active
116,Ariadna Baeza,Ariadna.Baeza116@example.com,2024-09-28,2026-03-14,inactive
32,Ariadna Sobrino,Ariadna.Sobrino32@example.com,2024-12-25,,active
795,Ariadna Céspedes,Ariadna.Céspedes795@example.com,2024-12-21,2025-12-21,inactive
729,Armando Torres,Armando.Torres729@example.com,2024-07-09,,active
438,Armando Torres,Armando.Torres438@example.com,2024-07-04,2026-06-09,inactive
670,Armando Pinto,Armando.Pinto670@example.com,2025-03-08,2025-10-04,inactive
500,Armando Muro,Armando.Muro500@example.com,2025-04-26,,active
538,Aroa Sosa,Aroa.Sosa538@example.com,2025-04-18,2025-08-25,inactive
459,Aroa Sanjuan,Aroa.Sanjuan459@example.com,2024-08-05,2026-05-08,inactive
625,Aroa Almansa,Aroa.Almansa625@example.com,2024-07-21,,active
509,Aroa Almagro,Aroa.Almagro509@example.com,2025-05-25,2025-07-19,inactive
316,Arsenio Alberola,Arsenio.Alberola316@example.com,2024-07-01,,active
488,Arsenio Gaya,Arsenio.Gaya488@example.com,2024-08-27,2026-04-15,inactive
566,Arsenio Catalán,Arsenio.Catalán566@example.com,2025-05-23,2025-07-20,inactive
554,Arsenio Agustín,Arsenio.Agustín554@example.com,2024-12-07,2026-01-04,inactive
247,Artemio Trillo,Artemio.Trillo247@example.com,2024-10-03,,active
397,Artemio Salas,Artemio.Salas397@example.com,2024-08-23,2026-04-20,inactive
706,Artemio Lorenzo,Artemio.Lorenzo706@example.com,2024-07-14,2026-05-29,inactive
156,Artemio Escudero,Artemio.Escudero156@example.com,2025-03-01,,active
705,Asdrubal Sobrino,Asdrubal.Sobrino705@example.com,2024-08-16,,active
874,Asdrubal Huertas,Asdrubal.Huertas874@example.com,2025-04-24,,active
519,Asunción Belda,Asunción.Belda519@example.com,2024-10-31,,active
75,Asunción Mendizábal,Asunción.Mendizábal75@example.com,2025-05-23,2025-07-20,inactive
42,Asunción Torrents,Asunción.Torrents42@example.com,2024-07-24,2026-05-20,inactive
426,Asunción Huertas,Asunción.Huertas426@example.com,2024-06-28,,active
980,Asunción Rozas,Asunción.Rozas980@example.com,2024-11-21,2026-01-20,inactive
521,Asunción Izquierdo,Asunción.Izquierdo521@example.com,2025-02-21,2025-10-19,inactive
443,Aureliano Gilabert,Aureliano.Gilabert443@example.com,2024-12-22,,active
542,Aurelio Mármol,Aurelio.Mármol542@example.com,2024-10-16,2026-02-25,inactive
119,Aurelio Bas,Aurelio.Bas119@example.com,2024-10-04,2026-03-08,inactive
738,Aurelio Reig,Aurelio.Reig738@example.com,2024-11-25,,active
55,Aurelio Saura,Aurelio.Saura55@example.com,2025-05-13,2025-07-31,inactive
318,Aurelio Robles,Aurelio.Robles318@example.com,2024-12-01,,active
250,Aurora Armengol,Aurora.Armengol250@example.com,2025-04-26,2025-08-17,inactive
261,Aurora Comas,Aurora.Comas261@example.com,2025-05-19,2025-07-25,inactive
833,Azeneth Morata,Azeneth.Morata833@example.com,2024-07-31,2026-05-13,inactive
345,Azeneth Palomar,Azeneth.Palomar345@example.com,2024-08-24,,active
90,Baltasar Tamayo,Baltasar.Tamayo90@example.com,2025-02-25,,active
634,Baltasar Mármol,Baltasar.Mármol634@example.com,2024-10-17,2026-02-24,inactive
214,Baltasar Hierro,Baltasar.Hierro214@example.com,2025-03-14,2025-09-28,inactive
115,Bautista Romeu,Bautista.Romeu115@example.com,2024-07-04,,active
60,Belén Serrano,Belén.Serrano60@example.com,2025-06-20,2025-06-22,inactive
967,Benigna Espinosa,Benigna.Espinosa967@example.com,2024-10-24,2026-02-17,inactive
508,Benigna Gómez,Benigna.Gómez508@example.com,2024-08-25,2026-04-18,inactive
80,Benigno Gonzalez,Benigno.Gonzalez80@example.com,2024-07-29,2026-05-14,inactive
489,Benjamín Lastra,Benjamín.Lastra489@example.com,2024-08-05,,active
873,Benjamín Cortes,Benjamín.Cortes873@example.com,2025-01-24,2025-11-16,inactive
13,Bernarda Bosch,Bernarda.Bosch13@example.com,2025-05-13,2025-07-31,inactive
984,Bernarda Barreda,Bernarda.Barreda984@example.com,2024-12-08,,active
703,Bernardo Bertrán,Bernardo.Bertrán703@example.com,2025-02-19,,active
387,Bernardo Roig,Bernardo.Roig387@example.com,2025-01-30,2025-11-10,inactive
792,Berta Ibañez,Berta.Ibañez792@example.com,2024-08-31,2026-04-11,inactive
973,Berta Echevarría,Berta.Echevarría973@example.com,2025-03-03,,active
138,Bibiana Durán,Bibiana.Durán138@example.com,2024-12-18,,active
617,Blas Clemente,Blas.Clemente617@example.com,2025-02-01,,active
263,Blas Rosales,Blas.Rosales263@example.com,2025-04-03,2025-09-08,inactive
120,Borja Mosquera,Borja.Mosquera120@example.com,2024-07-08,2026-06-05,inactive
380,Brunilda Benavent,Brunilda.Benavent380@example.com,2024-10-25,2026-02-16,inactive
939,Brunilda Peinado,Brunilda.Peinado939@example.com,2025-02-08,,active
745,Brunilda Patiño,Brunilda.Patiño745@example.com,2025-05-07,,active
282,Brunilda Abella,Brunilda.Abella282@example.com,2024-09-26,,active
985,Bruno Bayona,Bruno.Bayona985@example.com,2024-07-09,,active
944,Bruno Rosales,Bruno.Rosales944@example.com,2024-08-07,,active
655,Bruno Córdoba,Bruno.Córdoba655@example.com,2024-12-20,2025-12-22,inactive
606,Bruno Saez,Bruno.Saez606@example.com,2024-07-27,,active
910,Brígida Coello,Brígida.Coello910@example.com,2024-10-05,2026-03-07,inactive
832,Buenaventura Escolano,Buenaventura.Escolano832@example.com,2024-09-23,2026-03-19,inactive
656,Buenaventura Haro,Buenaventura.Haro656@example.com,2024-07-06,2026-06-07,inactive
50,Bárbara Marqués,Bárbara.Marqués50@example.com,2024-11-27,,active
959,Bárbara Landa,Bárbara.Landa959@example.com,2024-08-09,2026-05-03,inactive
712,Bárbara Salmerón,Bárbara.Salmerón712@example.com,2024-12-19,,active
4,Calista Espinosa,Calista.Espinosa4@example.com,2024-09-17,,active
107,Calista Uribe,Calista.Uribe107@example.com,2025-04-28,2025-08-14,inactive
718,Calisto Blázquez,Calisto.Blázquez718@example.com,2025-03-31,,active
615,Calisto Rico,Calisto.Rico615@example.com,2024-07-18,2026-05-25,inactive
364,Calisto Uribe,Calisto.Uribe364@example.com,2025-06-17,2025-06-25,inactive
531,Calixta Llabrés,Calixta.Llabrés531@example.com,2024-09-11,2026-04-01,inactive
524,Calixto Fuertes,Calixto.Fuertes524@example.com,2025-03-05,,active
823,Calixto Pla,Calixto.Pla823@example.com,2024-08-07,,active
416,Calixto Aliaga,Calixto.Aliaga416@example.com,2025-05-01,,active
29,Camila Marqués,Camila.Marqués29@example.com,2025-06-03,,active
913,Candela Ferreras,Candela.Ferreras913@example.com,2024-11-02,,active
899,Candela Requena,Candela.Requena899@example.com,2025-06-09,2025-07-03,inactive
187,Candela Almagro,Candela.Almagro187@example.com,2024-12-11,,active
875,Candelaria Pera,Candelaria.Pera875@example.com,2025-04-06,,active
822,Candelario Abella,Candelario.Abella822@example.com,2024-11-07,,active
591,Caridad Rosa,Caridad.Rosa591@example.com,2024-08-12,,active
600,Carlos Pintor,Carlos.Pintor600@example.com,2024-07-14,,active
117,Carlos Mármol,Carlos.Mármol117@example.com,2024-09-16,2026-03-27,inactive
441,Carlos Carbó,Carlos.Carbó441@example.com,2024-09-19,2026-03-23,inactive
469,Carlota Almansa,Carlota.Almansa469@example.com,2025-01-01,,active
371,Carmela Catalá,Carmela.Catalá371@example.com,2025-02-28,2025-10-13,inactive
622,Carmelita Manzanares,Carmelita.Manzanares622@example.com,2024-08-31,,active
61,Carmelita Guardiola,Carmelita.Guardiola61@example.com,2024-07-01,2026-06-12,inactive
960,Carmen Luís,Carmen.Luís960@example.com,2024-11-18,2026-01-22,inactive
811,Carmen Mata,Carmen.Mata811@example.com,2024-11-07,2026-02-02,inactive
264,Carmen Guardiola,Carmen.Guardiola264@example.com,2024-09-20,2026-03-23,inactive
877,Carmina Larrañaga,Carmina.Larrañaga877@example.com,2025-02-12,2025-10-29,inactive
687,Carolina Mata,Carolina.Mata687@example.com,2025-01-29,2025-11-12,inactive
146,Carolina Gálvez,Carolina.Gálvez146@example.com,2024-07-31,2026-05-12,inactive
22,Carolina Ruano,Carolina.Ruano22@example.com,2024-12-26,2025-12-15,inactive
153,Carolina Escolano,Carolina.Escolano153@example.com,2025-05-24,,active
205,Carolina Blázquez,Carolina.Blázquez205@example.com,2025-04-19,,active
844,Casandra Nogueira,Casandra.Nogueira844@example.com,2025-04-08,,active
328,Casandra Carrión,Casandra.Carrión328@example.com,2024-11-22,2026-01-18,inactive
240,Casandra Bermúdez,Casandra.Bermúdez240@example.com,2024-10-08,,active
344,Casandra Almeida,Casandra.Almeida344@example.com,2024-07-07,2026-06-05,inactive
750,Cayetana Clemente,Cayetana.Clemente750@example.com,2025-05-09,,active
700,Cayetana Lastra,Cayetana.Lastra700@example.com,2024-11-20,2026-01-20,inactive
53,Cayetano Maldonado,Cayetano.Maldonado53@example.com,2024-10-25,2026-02-16,inactive
395,Cayetano Garzón,Cayetano.Garzón395@example.com,2024-10-18,2026-02-23,inactive
112,Cayetano Paniagua,Cayetano.Paniagua112@example.com,2024-10-18,2026-02-23,inactive
517,Cebrián Barrios,Cebrián.Barrios517@example.com,2025-04-16,2025-08-27,inactive
809,Cebrián Morcillo,Cebrián.Morcillo809@example.com,2025-03-28,,active
471,Cebrián Macías,Cebrián.Macías471@example.com,2025-06-20,2025-06-22,inactive
43,Cecilia Macias,Cecilia.Macias43@example.com,2025-03-31,2025-09-12,inactive
100,Cecilia Baños,Cecilia.Baños100@example.com,2024-12-11,,active
211,Cecilio Nevado,Cecilio.Nevado211@example.com,2024-10-27,,active
64,Cecilio Lastra,Cecilio.Lastra64@example.com,2025-03-15,,active
419,Cecilio Rosa,Cecilio.Rosa419@example.com,2024-10-04,2026-03-09,inactive
30,Ceferino Dávila,Ceferino.Dávila30@example.com,2024-10-25,,active
411,Ceferino Almansa,Ceferino.Almansa411@example.com,2025-06-06,2025-07-06,inactive
979,Charo Iriarte,Charo.Iriarte979@example.com,2025-03-25,2025-09-17,inactive
296,Che Coloma,Che.Coloma296@example.com,2024-06-30,,active
415,Che Marcos,Che.Marcos415@example.com,2024-09-20,,active
51,Chelo Priego,Chelo.Priego51@example.com,2025-04-07,2025-09-04,inactive
479,Chelo Gordillo,Chelo.Gordillo479@example.com,2025-05-26,,active
47,Chucho Guillen,Chucho.Guillen47@example.com,2025-01-18,2025-11-23,inactive
799,Chucho Larrañaga,Chucho.Larrañaga799@example.com,2024-11-23,2026-01-18,inactive
101,Chucho Guillen,Chucho.Guillen101@example.com,2025-03-03,,active
458,Cirino Bosch,Cirino.Bosch458@example.com,2024-09-08,2026-04-04,inactive
2,Cirino Tomás,Cirino.Tomás2@example.com,2024-08-26,,active
288,Ciro Azorin,Ciro.Azorin288@example.com,2025-06-01,,active
305,Ciro Morcillo,Ciro.Morcillo305@example.com,2024-08-18,,active
550,Ciríaco Ariza,Ciríaco.Ariza550@example.com,2024-09-21,2026-03-21,inactive
348,Ciríaco Bayona,Ciríaco.Bayona348@example.com,2025-01-23,2025-11-17,inactive
892,Ciríaco Gomila,Ciríaco.Gomila892@example.com,2025-01-29,2025-11-12,inactive
424,Clara Rosa,Clara.Rosa424@example.com,2024-12-05,,active
753,Claudia Chico,Claudia.Chico753@example.com,2025-06-19,,active
233,Claudia Ayllón,Claudia.Ayllón233@example.com,2024-10-09,2026-03-03,inactive
552,Claudia Castell,Claudia.Castell552@example.com,2025-04-26,,active
855,Claudia Yáñez,Claudia.Yáñez855@example.com,2025-04-17,2025-08-26,inactive
306,Claudia Palomar,Claudia.Palomar306@example.com,2025-06-08,2025-07-04,inactive
525,Claudia Pinilla,Claudia.Pinilla525@example.com,2024-10-05,,active
628,Cleto Cruz,Cleto.Cruz628@example.com,2024-07-19,2026-05-24,inactive
229,Cleto Arcos,Cleto.Arcos229@example.com,2024-08-25,,active
439,Cleto Lasa,Cleto.Lasa439@example.com,2024-09-13,,active
447,Cleto Ferrera,Cleto.Ferrera447@example.com,2024-07-04,,active
719,Cleto Pardo,Cleto.Pardo719@example.com,2025-04-29,2025-08-14,inactive
516,Cloe Carvajal,Cloe.Carvajal516@example.com,2025-02-23,2025-10-18,inactive
865,Cloe Tomas,Cloe.Tomas865@example.com,2024-11-11,,active
668,Clotilde Villaverde,Clotilde.Villaverde668@example.com,2024-08-29,2026-04-13,inactive
759,Cornelio Talavera,Cornelio.Talavera759@example.com,2024-08-25,2026-04-18,inactive
926,Cornelio Esteve,Cornelio.Esteve926@example.com,2024-08-14,,active
781,Cornelio Hierro,Cornelio.Hierro781@example.com,2025-03-27,,active
140,Corona Coronado,Corona.Coronado140@example.com,2024-09-10,,active
555,Corona Rivera,Corona.Rivera555@example.com,2024-10-11,,active
393,Cosme Porras,Cosme.Porras393@example.com,2024-10-06,,active
383,Cosme Coloma,Cosme.Coloma383@example.com,2025-06-13,2025-06-30,inactive
906,Crescencia Valls,Crescencia.Valls906@example.com,2024-06-30,,active
927,Crescencia Izquierdo,Crescencia.Izquierdo927@example.com,2024-09-08,2026-04-03,inactive
342,Crescencia Haro,Crescencia.Haro342@example.com,2024-06-29,2026-06-13,inactive
646,Cristian Manuel,Cristian.Manuel646@example.com,2024-09-04,,active
640,Cristina Belda,Cristina.Belda640@example.com,2024-08-18,,active
965,Cristóbal Garzón,Cristóbal.Garzón965@example.com,2024-07-22,,active
581,Cristóbal Zamorano,Cristóbal.Zamorano581@example.com,2024-12-29,,active
287,Cristóbal Barreda,Cristóbal.Barreda287@example.com,2024-07-02,,active
620,Cristóbal Mosquera,Cristóbal.Mosquera620@example.com,2025-04-22,,active
197,Cristóbal Blazquez,Cristóbal.Blazquez197@example.com,2024-09-07,2026-04-05,inactive
422,Cruz Río,Cruz.Río422@example.com,2024-10-10,,active
817,Cruz Bellido,Cruz.Bellido817@example.com,2024-07-16,,active
111,Curro Díaz,Curro.Díaz111@example.com,2025-05-28,2025-07-15,inactive
565,Custodia Zamorano,Custodia.Zamorano565@example.com,2025-05-29,2025-07-15,inactive
652,Custodia Mateu,Custodia.Mateu652@example.com,2024-07-21,2026-05-23,inactive
36,Custodio Carreras,Custodio.Carreras36@example.com,2024-11-07,2026-02-02,inactive
454,Custodio Leon,Custodio.Leon454@example.com,2025-01-01,2025-12-09,inactive
806,Cándido Pi,Cándido.Pi806@example.com,2024-11-11,,active
122,César Sevilla,César.Sevilla122@example.com,2024-09-01,,active
329,Dafne Soriano,Dafne.Soriano329@example.com,2024-11-25,,active
793,Dafne Gonzalez,Dafne.Gonzalez793@example.com,2025-02-19,2025-10-22,inactive
219,Dafne Mendizábal,Dafne.Mendizábal219@example.com,2024-11-30,,active
744,Dalila Bayón,Dalila.Bayón744@example.com,2025-01-28,,active
314,Damián Aliaga,Damián.Aliaga314@example.com,2025-05-06,2025-08-06,inactive
84,Damián Vilar,Damián.Vilar84@example.com,2024-09-03,2026-04-08,inactive
518,Damián Carrillo,Damián.Carrillo518@example.com,2024-11-20,2026-01-20,inactive
188,Damián Paz,Damián.Paz188@example.com,2024-11-08,,active
372,Damián Montesinos,Damián.Montesinos372@example.com,2024-11-16,2026-01-25,inactive
954,Damián Medina,Damián.Medina954@example.com,2024-07-20,,active
468,Dani Díez,Dani.Díez468@example.com,2024-10-12,,active
502,Dani Trillo,Dani.Trillo502@example.com,2024-10-14,2026-02-27,inactive
437,Daniela Ariza,Daniela.Ariza437@example.com,2025-03-09,,active
883,Darío Taboada,Darío.Taboada883@example.com,2025-01-31,,active
317,Darío Chacón,Darío.Chacón317@example.com,2025-06-20,,active
611,Darío Antúnez,Darío.Antúnez611@example.com,2025-03-25,2025-09-18,inactive
436,Darío Puente,Darío.Puente436@example.com,2024-08-11,,active
337,David Suárez,David.Suárez337@example.com,2024-12-27,,active
541,David Cabello,David.Cabello541@example.com,2025-03-18,,active
83,David Casanova,David.Casanova83@example.com,2025-04-11,2025-08-31,inactive
765,Dimas Calderon,Dimas.Calderon765@example.com,2025-01-03,2025-12-07,inactive
614,Dimas Perera,Dimas.Perera614@example.com,2024-08-18,2026-04-25,inactive
48,Dionisia Nieto,Dionisia.Nieto48@example.com,2024-11-28,2026-01-13,inactive
839,Dionisia Barreda,Dionisia.Barreda839@example.com,2024-08-21,2026-04-22,inactive
645,Dionisia Heras,Dionisia.Heras645@example.com,2024-08-19,2026-04-24,inactive
907,Dionisia Vallés,Dionisia.Vallés907@example.com,2024-08-10,2026-05-02,inactive
727,Dionisia Caballero,Dionisia.Caballero727@example.com,2025-01-26,2025-11-15,inactive
748,Dionisio Salamanca,Dionisio.Salamanca748@example.com,2024-09-28,,active
887,Dionisio Iglesia,Dionisio.Iglesia887@example.com,2024-12-11,,active
174,Dolores Madrigal,Dolores.Madrigal174@example.com,2025-05-12,2025-07-31,inactive
963,Dolores Vallés,Dolores.Vallés963@example.com,2025-05-04,2025-08-09,inactive
293,Dolores Pedrosa,Dolores.Pedrosa293@example.com,2025-01-09,2025-12-01,inactive
482,Dolores Matas,Dolores.Matas482@example.com,2025-05-24,2025-07-19,inactive
846,Dolores Morcillo,Dolores.Morcillo846@example.com,2024-10-03,2026-03-10,inactive
1,Dominga Ribes,Dominga.Ribes1@example.com,2025-05-20,,active
167,Dominga Soriano,Dominga.Soriano167@example.com,2024-12-18,,active
44,Dominga Gomila,Dominga.Gomila44@example.com,2024-10-10,,active
292,Dominga Cordero,Dominga.Cordero292@example.com,2025-06-08,,active
513,Dorotea Blázquez,Dorotea.Blázquez513@example.com,2024-12-03,,active
483,Dorotea Pareja,Dorotea.Pareja483@example.com,2025-06-19,,active
621,Edelmiro Planas,Edelmiro.Planas621@example.com,2024-10-08,,active
603,Edelmiro Corominas,Edelmiro.Corominas603@example.com,2025-04-18,,active
667,Edelmiro Tomas,Edelmiro.Tomas667@example.com,2025-06-19,,active
102,Edgardo Sevilla,Edgardo.Sevilla102@example.com,2024-10-20,,active
427,Edu Pulido,Edu.Pulido427@example.com,2025-06-16,2025-06-26,inactive
286,Edu Quintero,Edu.Quintero286@example.com,2025-02-24,2025-10-17,inactive
955,Edu Pacheco,Edu.Pacheco955@example.com,2025-01-05,,active
449,Eduardo Acedo,Eduardo.Acedo449@example.com,2025-04-01,2025-09-10,inactive
941,Eladio Rius,Eladio.Rius941@example.com,2024-12-10,2025-12-31,inactive
915,Eleuterio Lladó,Eleuterio.Lladó915@example.com,2025-02-28,2025-10-12,inactive
59,Eleuterio Redondo,Eleuterio.Redondo59@example.com,2024-06-26,2026-06-16,inactive
243,Eleuterio Serrano,Eleuterio.Serrano243@example.com,2024-11-18,,active
616,Eligia Solano,Eligia.Solano616@example.com,2025-05-02,,active
514,Eligia Valentín,Eligia.Valentín514@example.com,2024-06-24,,active
774,Eligio Anguita,Eligio.Anguita774@example.com,2024-08-19,2026-04-24,inactive
716,Elisabet Tomas,Elisabet.Tomas716@example.com,2024-07-30,2026-05-13,inactive
735,Elisabet Barroso,Elisabet.Barroso735@example.com,2024-11-01,2026-02-09,inactive
399,Elodia Olivera,Elodia.Olivera399@example.com,2025-01-02,,active
273,Elodia Barba,Elodia.Barba273@example.com,2025-02-24,,active
918,Elodia Bernat,Elodia.Bernat918@example.com,2024-09-03,2026-04-09,inactive
540,Eloy Almeida,Eloy.Almeida540@example.com,2024-10-20,,active
709,Elvira Espada,Elvira.Espada709@example.com,2024-12-17,2025-12-25,inactive
948,Elvira Lloret,Elvira.Lloret948@example.com,2024-11-23,2026-01-18,inactive
770,Emelina Martínez,Emelina.Martínez770@example.com,2025-03-07,2025-10-05,inactive
715,Emiliano Matas,Emiliano.Matas715@example.com,2025-04-27,2025-08-16,inactive
506,Emilio Perera,Emilio.Perera506@example.com,2024-10-28,,active
160,Emilio Almazán,Emilio.Almazán160@example.com,2024-09-26,2026-03-16,inactive
190,Emilio Zorrilla,Emilio.Zorrilla190@example.com,2024-06-26,2026-06-17,inactive
196,Emilio Arteaga,Emilio.Arteaga196@example.com,2025-03-15,2025-09-28,inactive
682,Emma Sanz,Emma.Sanz682@example.com,2024-07-23,,active
605,Encarnación Patiño,Encarnación.Patiño605@example.com,2025-06-01,2025-07-12,inactive
536,Encarnación Comas,Encarnación.Comas536@example.com,2024-09-26,,active
379,Encarnación Piquer,Encarnación.Piquer379@example.com,2024-07-13,2026-05-30,inactive
226,Encarnación Arroyo,Encarnación.Arroyo226@example.com,2025-04-10,,active
72,Enrique Carrasco,Enrique.Carrasco72@example.com,2024-10-23,2026-02-17,inactive
669,Eric Solano,Eric.Solano669@example.com,2025-03-04,2025-10-08,inactive
178,Esperanza Barrera,Esperanza.Barrera178@example.com,2024-11-16,,active
403,Estefanía Matas,Estefanía.Matas403@example.com,2025-02-07,2025-11-03,inactive
180,Estefanía Casals,Estefanía.Casals180@example.com,2024-12-29,2025-12-12,inactive
170,Estefanía Jove,Estefanía.Jove170@example.com,2024-12-28,,active
276,Estefanía Sáenz,Estefanía.Sáenz276@example.com,2025-03-22,,active
356,Estefanía Luz,Estefanía.Luz356@example.com,2025-02-21,2025-10-19,inactive
988,Estefanía Ribes,Estefanía.Ribes988@example.com,2025-01-10,,active
586,Estefanía Sabater,Estefanía.Sabater586@example.com,2024-08-25,,active
658,Estela Bas,Estela.Bas658@example.com,2025-06-20,,active
548,Estela Solís,Estela.Solís548@example.com,2025-04-10,,active
772,Estela Manzanares,Estela.Manzanares772@example.com,2025-03-23,2025-09-19,inactive
526,Estela Naranjo,Estela.Naranjo526@example.com,2024-09-24,,active
251,Ester Ochoa,Ester.Ochoa251@example.com,2025-03-09,2025-10-04,inactive
34,Ester Cabrera,Ester.Cabrera34@example.com,2025-01-09,,active
456,Ester Peinado,Ester.Peinado456@example.com,2025-05-05,2025-08-08,inactive
657,Ester Urrutia,Ester.Urrutia657@example.com,2024-12-18,2025-12-23,inactive
763,Ester Baños,Ester.Baños763@example.com,2025-06-08,2025-07-05,inactive
388,Eufemia Llamas,Eufemia.Llamas388@example.com,2024-11-03,2026-02-07,inactive
402,Eufemia Prat,Eufemia.Prat402@example.com,2024-11-24,2026-01-16,inactive
346,Eufemia Muro,Eufemia.Muro346@example.com,2025-01-12,,active
624,Eufemia Chacón,Eufemia.Chacón624@example.com,2025-03-05,,active
680,Eulalia Catalá,Eulalia.Catalá680@example.com,2024-09-03,,active
164,Eusebio Almagro,Eusebio.Almagro164@example.com,2024-07-15,2026-05-28,inactive
135,Eusebio Olivera,Eusebio.Olivera135@example.com,2025-02-26,2025-10-14,inactive
207,Eusebio Lloret,Eusebio.Lloret207@example.com,2025-02-28,,active
567,Eusebio Ribera,Eusebio.Ribera567@example.com,2024-12-23,,active
221,Eustaquio Domínguez,Eustaquio.Domínguez221@example.com,2024-08-29,2026-04-14,inactive
105,Evangelina Pérez,Evangelina.Pérez105@example.com,2025-01-27,,active
633,Evangelina Jaén,Evangelina.Jaén633@example.com,2025-01-25,,active
248,Ezequiel Torrent,Ezequiel.Torrent248@example.com,2025-06-17,,active
577,Fabiola Marcos,Fabiola.Marcos577@example.com,2025-04-15,2025-08-27,inactive
878,Fabiola Céspedes,Fabiola.Céspedes878@example.com,2024-09-22,2026-03-21,inactive
560,Fabián Pardo,Fabián.Pardo560@example.com,2024-12-04,,active
91,Fabián Abella,Fabián.Abella91@example.com,2025-02-04,,active
256,Fabricio Iriarte,Fabricio.Iriarte256@example.com,2024-08-13,,active
626,Fabricio Nevado,Fabricio.Nevado626@example.com,2024-08-25,,active
25,Fabricio Dávila,Fabricio.Dávila25@example.com,2025-06-06,2025-07-06,inactive
986,Fabricio Bas,Fabricio.Bas986@example.com,2024-08-26,,active
412,Fabricio Chacón,Fabricio.Chacón412@example.com,2024-11-15,,active
769,Fausto Gibert,Fausto.Gibert769@example.com,2024-12-02,,active
258,Fausto Arjona,Fausto.Arjona258@example.com,2025-04-01,2025-09-10,inactive
535,Fausto Roldan,Fausto.Roldan535@example.com,2025-02-26,2025-10-15,inactive
14,Fausto Piñol,Fausto.Piñol14@example.com,2024-11-25,,active
220,Febe Hervás,Febe.Hervás220@example.com,2024-12-30,2025-12-11,inactive
866,Febe Torralba,Febe.Torralba866@example.com,2024-09-10,,active
373,Febe Echeverría,Febe.Echeverría373@example.com,2024-07-25,,active
321,Febe Calvo,Febe.Calvo321@example.com,2025-03-25,,active
737,Feliciana Llobet,Feliciana.Llobet737@example.com,2024-10-15,,active
976,Feliciana Llamas,Feliciana.Llamas976@example.com,2025-02-15,,active
199,Feliciana Morillo,Feliciana.Morillo199@example.com,2025-02-27,2025-10-13,inactive
515,Feliciana Salcedo,Feliciana.Salcedo515@example.com,2024-12-09,,active
41,Feliciana Navarrete,Feliciana.Navarrete41@example.com,2025-05-25,,active
747,Feliciano Benavent,Feliciano.Benavent747@example.com,2024-08-20,2026-04-22,inactive
19,Feliciano Chacón,Feliciano.Chacón19@example.com,2025-02-12,2025-10-29,inactive
796,Felicidad Higueras,Felicidad.Higueras796@example.com,2025-02-15,2025-10-25,inactive
367,Felicidad Amigó,Felicidad.Amigó367@example.com,2024-11-25,2026-01-15,inactive
40,Felicidad Barrera,Felicidad.Barrera40@example.com,2024-11-06,,active
813,Felicidad Bayona,Felicidad.Bayona813@example.com,2024-09-23,,active
45,Felix Bou,Felix.Bou45@example.com,2025-05-14,2025-07-29,inactive
943,Felix Fuertes,Felix.Fuertes943@example.com,2025-02-16,2025-10-25,inactive
717,Felix Gutierrez,Felix.Gutierrez717@example.com,2025-01-14,,active
639,Fermín Escudero,Fermín.Escudero639@example.com,2025-04-17,2025-08-26,inactive
731,Fermín Landa,Fermín.Landa731@example.com,2025-05-12,,active
952,Fermín Jaén,Fermín.Jaén952@example.com,2025-05-10,,active
132,Fermín Mosquera,Fermín.Mosquera132@example.com,2024-10-17,,active
534,Fermín Tapia,Fermín.Tapia534@example.com,2024-10-20,2026-02-21,inactive
73,Fernanda Uribe,Fernanda.Uribe73@example.com,2024-10-29,,active
124,Fernando Ariño,Fernando.Ariño124@example.com,2025-05-17,2025-07-27,inactive
270,Fernando Castell,Fernando.Castell270@example.com,2024-11-23,2026-01-17,inactive
446,Fernando Rosa,Fernando.Rosa446@example.com,2024-10-30,,active
398,Fidel Palomar,Fidel.Palomar398@example.com,2025-04-17,,active
570,Fidel Robles,Fidel.Robles570@example.com,2025-05-11,,active
390,Filomena Mata,Filomena.Mata390@example.com,2025-05-12,,active
93,Filomena Miranda,Filomena.Miranda93@example.com,2025-02-09,,active
70,Filomena Escobar,Filomena.Escobar70@example.com,2025-06-04,,active
271,Fito Lloret,Fito.Lloret271@example.com,2024-12-21,,active
828,Fito Mendizábal,Fito.Mendizábal828@example.com,2024-11-10,,active
938,Fito Tudela,Fito.Tudela938@example.com,2025-01-19,,active
291,Fito Iniesta,Fito.Iniesta291@example.com,2025-04-01,2025-09-11,inactive
183,Flavia Aliaga,Flavia.Aliaga183@example.com,2025-06-05,,active
869,Flavio Bertrán,Flavio.Bertrán869@example.com,2024-10-09,2026-03-04,inactive
255,Flavio Gibert,Flavio.Gibert255@example.com,2025-02-18,,active
284,Flora Romeu,Flora.Romeu284@example.com,2025-03-05,,active
341,Flora Plana,Flora.Plana341@example.com,2025-05-01,2025-08-12,inactive
340,Flora Llabrés,Flora.Llabrés340@example.com,2024-11-12,,active
492,Flora Manzanares,Flora.Manzanares492@example.com,2025-02-01,,active
805,Flora Llobet,Flora.Llobet805@example.com,2025-03-20,,active
381,Florentina Niño,Florentina.Niño381@example.com,2024-12-14,2025-12-27,inactive
6,Francisco Javier Saavedra,Francisco Javier.Saavedra6@example.com,2025-03-22,,active
885,Francisco Javier Sastre,Francisco Javier.Sastre885@example.com,2024-08-30,,active
553,Francisco Javier Clemente,Francisco Javier.Clemente553@example.com,2024-10-11,2026-03-01,inactive
307,Fátima Escobar,Fátima.Escobar307@example.com,2024-07-12,,active
498,Fátima Ferreras,Fátima.Ferreras498@example.com,2025-06-03,,active
215,Fátima Pellicer,Fátima.Pellicer215@example.com,2024-11-10,2026-01-30,inactive
182,Félix Echevarría,Félix.Echevarría182@example.com,2025-04-26,,active
385,Gabriela Tamayo,Gabriela.Tamayo385@example.com,2024-08-26,2026-04-17,inactive
558,Galo Berrocal,Galo.Berrocal558@example.com,2025-05-17,2025-07-27,inactive
376,Gaspar Zamorano,Gaspar.Zamorano376@example.com,2024-09-19,,active
742,Gaspar Gonzalez,Gaspar.Gonzalez742@example.com,2024-10-03,2026-03-10,inactive
239,Gaspar Pizarro,Gaspar.Pizarro239@example.com,2025-01-09,2025-12-02,inactive
477,Gastón Polo,Gastón.Polo477@example.com,2025-03-14,,active
596,Gastón Vilar,Gastón.Vilar596@example.com,2024-07-18,,active
710,Gastón Gilabert,Gastón.Gilabert710@example.com,2025-03-24,,active
175,Gastón Valls,Gastón.Valls175@example.com,2025-05-22,,active
730,Gema Verdú,Gema.Verdú730@example.com,2025-03-29,2025-09-13,inactive
149,Genoveva Alcázar,Genoveva.Alcázar149@example.com,2025-03-25,,active
35,Georgina Bilbao,Georgina.Bilbao35@example.com,2025-02-28,2025-10-13,inactive
752,Georgina Correa,Georgina.Correa752@example.com,2025-04-12,2025-08-31,inactive
490,Gervasio Alcántara,Gervasio.Alcántara490@example.com,2025-01-03,2025-12-07,inactive
951,Gervasio Mercader,Gervasio.Mercader951@example.com,2025-04-05,2025-09-06,inactive
881,Gervasio Lobo,Gervasio.Lobo881@example.com,2024-12-31,2025-12-10,inactive
408,Gervasio Puerta,Gervasio.Puerta408@example.com,2024-08-15,,active
755,Gervasio Montesinos,Gervasio.Montesinos755@example.com,2025-02-19,2025-10-21,inactive
929,Gervasio Cases,Gervasio.Cases929@example.com,2024-06-27,,active
711,Gervasio Paz,Gervasio.Paz711@example.com,2024-12-09,2026-01-01,inactive
527,Gilberto Carbonell,Gilberto.Carbonell527@example.com,2025-01-24,2025-11-17,inactive
872,Gilberto Esteve,Gilberto.Esteve872@example.com,2024-12-08,2026-01-02,inactive
995,Gisela Feijoo,Gisela.Feijoo995@example.com,2025-05-30,2025-07-13,inactive
254,Gisela Velasco,Gisela.Velasco254@example.com,2025-03-07,,active
448,Gisela Herrero,Gisela.Herrero448@example.com,2025-03-10,2025-10-02,inactive
460,Gisela Peláez,Gisela.Peláez460@example.com,2025-04-29,,active
157,Graciana Canet,Graciana.Canet157@example.com,2024-11-05,2026-02-05,inactive
601,Gregorio Mateu,Gregorio.Mateu601@example.com,2025-03-30,2025-09-13,inactive
801,Griselda Antúnez,Griselda.Antúnez801@example.com,2025-05-03,2025-08-09,inactive
265,Griselda Romero,Griselda.Romero265@example.com,2024-07-16,2026-05-27,inactive
133,Guadalupe Torrents,Guadalupe.Torrents133@example.com,2025-01-07,,active
529,Haroldo Vélez,Haroldo.Vélez529@example.com,2024-12-23,,active
280,Haroldo Carreras,Haroldo.Carreras280@example.com,2025-04-09,,active
734,Haroldo Jaén,Haroldo.Jaén734@example.com,2025-02-08,2025-11-01,inactive
725,Heliodoro Sosa,Heliodoro.Sosa725@example.com,2024-10-20,2026-02-20,inactive
760,Heraclio Mármol,Heraclio.Mármol760@example.com,2025-02-12,2025-10-28,inactive
494,Herberto Fernández,Herberto.Fernández494@example.com,2024-12-31,,active
242,Herberto Cerro,Herberto.Cerro242@example.com,2025-01-15,2025-11-26,inactive
23,Herminio Gomez,Herminio.Gomez23@example.com,2025-03-28,2025-09-14,inactive
69,Herminio Arrieta,Herminio.Arrieta69@example.com,2024-11-20,,active
79,Herminio Morillo,Herminio.Morillo79@example.com,2025-03-21,2025-09-21,inactive
463,Herminio Maldonado,Herminio.Maldonado463@example.com,2025-03-07,2025-10-05,inactive
244,Hernando Olmo,Hernando.Olmo244@example.com,2025-01-16,2025-11-25,inactive
15,Hilda Gutierrez,Hilda.Gutierrez15@example.com,2024-09-18,2026-03-25,inactive
862,Hilda Quevedo,Hilda.Quevedo862@example.com,2024-11-05,,active
969,Hilda Marquez,Hilda.Marquez969@example.com,2025-02-07,,active
696,Hugo Rodríguez,Hugo.Rodríguez696@example.com,2024-10-21,,active
400,Hugo Mate,Hugo.Mate400@example.com,2025-05-27,2025-07-16,inactive
326,Hugo Merino,Hugo.Merino326@example.com,2024-11-23,2026-01-18,inactive
432,Humberto Ramos,Humberto.Ramos432@example.com,2024-09-13,,active
994,Humberto Larrañaga,Humberto.Larrañaga994@example.com,2025-04-15,2025-08-28,inactive
126,Héctor Ferrera,Héctor.Ferrera126@example.com,2025-06-21,,active
232,Héctor Benet,Héctor.Benet232@example.com,2024-11-30,,active
444,Ibán Jaén,Ibán.Jaén444@example.com,2024-07-27,2026-05-17,inactive
241,Ibán Cal,Ibán.Cal241@example.com,2025-05-31,2025-07-13,inactive
46,Ignacia Baró,Ignacia.Baró46@example.com,2024-09-18,2026-03-24,inactive
854,Ignacia Agustí,Ignacia.Agustí854@example.com,2024-09-21,2026-03-22,inactive
369,Ignacia Flores,Ignacia.Flores369@example.com,2025-06-11,2025-07-02,inactive
602,Ignacia Bermúdez,Ignacia.Bermúdez602@example.com,2024-12-23,2025-12-19,inactive
191,Ignacia Rodrigo,Ignacia.Rodrigo191@example.com,2024-12-16,,active
659,Ildefonso Olivera,Ildefonso.Olivera659@example.com,2024-09-25,2026-03-18,inactive
303,Imelda Galván,Imelda.Galván303@example.com,2024-06-22,,active
315,Imelda Planas,Imelda.Planas315@example.com,2024-08-18,2026-04-24,inactive
812,Inmaculada Gascón,Inmaculada.Gascón812@example.com,2024-10-20,2026-02-20,inactive
455,Inmaculada Samper,Inmaculada.Samper455@example.com,2025-06-04,,active
778,Inés Hervia,Inés.Hervia778@example.com,2025-05-18,,active
572,Irma Samper,Irma.Samper572@example.com,2025-02-26,2025-10-15,inactive
323,Irma Mármol,Irma.Mármol323@example.com,2025-02-18,,active
851,Irma Casanova,Irma.Casanova851@example.com,2024-08-25,,active
347,Irma Escudero,Irma.Escudero347@example.com,2025-02-01,,active
826,Isaac Lara,Isaac.Lara826@example.com,2025-01-11,,active
898,Isaac Torralba,Isaac.Torralba898@example.com,2025-05-03,,active
128,Isaac Mata,Isaac.Mata128@example.com,2024-10-21,,active
681,Isaac Abella,Isaac.Abella681@example.com,2025-05-07,2025-08-05,inactive
218,Isaac Solano,Isaac.Solano218@example.com,2025-01-20,,active
362,Isaías Solsona,Isaías.Solsona362@example.com,2025-04-08,,active
434,Isidora Rodríguez,Isidora.Rodríguez434@example.com,2024-10-12,2026-03-01,inactive
206,Isidora Lamas,Isidora.Lamas206@example.com,2025-06-10,2025-07-02,inactive
914,Isidoro Borja,Isidoro.Borja914@example.com,2024-07-02,2026-06-11,inactive
31,Isidoro Ríos,Isidoro.Ríos31@example.com,2024-11-04,2026-02-06,inactive
741,Isidro Hernandez,Isidro.Hernandez741@example.com,2024-09-25,,active
830,Isidro Carbonell,Isidro.Carbonell830@example.com,2024-11-25,2026-01-15,inactive
870,Isidro Gordillo,Isidro.Gordillo870@example.com,2024-06-25,,active
779,Jacinta Casanova,Jacinta.Casanova779@example.com,2025-01-27,2025-11-13,inactive
510,Jacinto Garzón,Jacinto.Garzón510@example.com,2024-12-18,,active
848,Jacinto Ríos,Jacinto.Ríos848@example.com,2024-11-11,,active
758,Jacinto Almansa,Jacinto.Almansa758@example.com,2025-04-16,,active
768,Jacinto Díaz,Jacinto.Díaz768@example.com,2025-06-08,2025-07-04,inactive
908,Jafet Sanjuan,Jafet.Sanjuan908@example.com,2024-11-04,2026-02-06,inactive
785,Jafet Lledó,Jafet.Lledó785@example.com,2025-02-08,,active
836,Javier Amaya,Javier.Amaya836@example.com,2024-07-10,,active
543,Javier Rius,Javier.Rius543@example.com,2024-10-10,2026-03-03,inactive
505,Javiera Díez,Javiera.Díez505@example.com,2024-08-31,2026-04-11,inactive
522,Javiera Hervás,Javiera.Hervás522@example.com,2024-12-31,2025-12-10,inactive
636,Jenaro Mesa,Jenaro.Mesa636@example.com,2024-08-24,,active
675,Jenaro Falcón,Jenaro.Falcón675@example.com,2024-10-26,,active
958,Jenny Soria,Jenny.Soria958@example.com,2024-12-20,2025-12-21,inactive
238,Jenny Alcolea,Jenny.Alcolea238@example.com,2024-07-31,,active
917,Jeremías Ribera,Jeremías.Ribera917@example.com,2024-07-19,,active
810,Jeremías Fabregat,Jeremías.Fabregat810@example.com,2025-01-02,2025-12-08,inactive
301,Jeremías Sureda,Jeremías.Sureda301@example.com,2025-03-12,,active
217,Jessica Farré,Jessica.Farré217@example.com,2025-02-08,,active
401,Jessica Puente,Jessica.Puente401@example.com,2024-10-02,,active
665,Jessica Roig,Jessica.Roig665@example.com,2025-04-03,,active
966,Joan Barrera,Joan.Barrera966@example.com,2025-05-19,2025-07-25,inactive
407,Joan Salamanca,Joan.Salamanca407@example.com,2024-12-29,2025-12-13,inactive
420,Jordi Sevilla,Jordi.Sevilla420@example.com,2024-09-05,,active
699,Jordi Pla,Jordi.Pla699@example.com,2025-03-13,,active
993,Jordi Ledesma,Jordi.Ledesma993@example.com,2025-05-21,,active
431,Jordán Aliaga,Jordán.Aliaga431@example.com,2025-06-17,,active
129,Jordán Navarrete,Jordán.Navarrete129@example.com,2024-12-08,2026-01-03,inactive
335,Jordán Benavent,Jordán.Benavent335@example.com,2024-12-23,,active
430,Jordán Pizarro,Jordán.Pizarro430@example.com,2025-04-24,,active
130,Jorge Bas,Jorge.Bas130@example.com,2025-04-05,,active
964,Jose Chacón,Jose.Chacón964@example.com,2024-08-28,2026-04-14,inactive
225,Jose Expósito,Jose.Expósito225@example.com,2024-09-21,2026-03-21,inactive
359,Jose Angel Azorin,Jose Angel.Azorin359@example.com,2024-08-23,2026-04-19,inactive
357,Jose Angel Company,Jose Angel.Company357@example.com,2024-07-13,2026-05-30,inactive
841,Jose Carlos Lobo,Jose Carlos.Lobo841@example.com,2025-02-20,,active
121,Jose Carlos Abella,Jose Carlos.Abella121@example.com,2025-06-19,,active
852,Jose Ignacio Nieto,Jose Ignacio.Nieto852@example.com,2025-02-03,,active
161,Jose Ignacio Pera,Jose Ignacio.Pera161@example.com,2024-06-23,,active
857,Jose Manuel Díez,Jose Manuel.Díez857@example.com,2025-05-27,,active
523,Jose Ramón Sureda,Jose Ramón.Sureda523@example.com,2025-02-01,,active
871,Jose Ramón Aragonés,Jose Ramón.Aragonés871@example.com,2025-05-16,,active
198,Jose Ramón Guardiola,Jose Ramón.Guardiola198@example.com,2025-05-16,2025-07-28,inactive
888,Josefina Cerdá,Josefina.Cerdá888@example.com,2024-08-04,2026-05-08,inactive
26,Josefina Reyes,Josefina.Reyes26@example.com,2024-12-25,2025-12-16,inactive
905,Josep Falcó,Josep.Falcó905@example.com,2024-12-09,,active
825,Josep Salamanca,Josep.Salamanca825@example.com,2025-01-15,2025-11-25,inactive
863,Josep Rodrigo,Josep.Rodrigo863@example.com,2025-05-22,2025-07-21,inactive
501,José Rico,José.Rico501@example.com,2024-10-19,,active
368,José Rosselló,José.Rosselló368@example.com,2024-11-27,2026-01-13,inactive
588,José Manuel Merino,José Manuel.Merino588@example.com,2025-02-02,,active
608,José Manuel Sáenz,José Manuel.Sáenz608@example.com,2025-04-13,2025-08-30,inactive
283,José Manuel Sabater,José Manuel.Sabater283@example.com,2025-03-29,,active
722,José Manuel Rodríguez,José Manuel.Rodríguez722@example.com,2025-01-15,2025-11-26,inactive
946,José Manuel Buendía,José Manuel.Buendía946@example.com,2024-11-26,2026-01-14,inactive
11,Juan Carlos Martinez,Juan Carlos.Martinez11@example.com,2024-10-09,2026-03-04,inactive
694,Juan Francisco Plana,Juan Francisco.Plana694@example.com,2025-02-17,2025-10-23,inactive
481,Juan José Santiago,Juan José.Santiago481@example.com,2024-09-17,2026-03-26,inactive
804,Juan José Macías,Juan José.Macías804@example.com,2025-02-21,2025-10-19,inactive
771,Juan José Guardiola,Juan José.Guardiola771@example.com,2025-05-06,,active
598,Juan Luis Porras,Juan Luis.Porras598@example.com,2025-04-20,,active
692,Juanito Cornejo,Juanito.Cornejo692@example.com,2025-01-13,2025-11-28,inactive
849,Juliana Sales,Juliana.Sales849@example.com,2024-12-24,2025-12-17,inactive
497,Julie Reig,Julie.Reig497@example.com,2024-07-17,2026-05-26,inactive
21,Julio Pi,Julio.Pi21@example.com,2024-10-17,2026-02-23,inactive
181,Julio Requena,Julio.Requena181@example.com,2025-04-21,,active
708,Julián Galán,Julián.Galán708@example.com,2024-10-06,,active
392,Julián Bas,Julián.Bas392@example.com,2024-09-12,2026-03-30,inactive
956,Lalo Luz,Lalo.Luz956@example.com,2024-11-07,2026-02-02,inactive
327,Laura Gibert,Laura.Gibert327@example.com,2024-09-23,,active
685,Leonardo Prat,Leonardo.Prat685@example.com,2025-04-17,2025-08-26,inactive
440,Leonardo Tolosa,Leonardo.Tolosa440@example.com,2024-11-03,,active
643,Leonardo Miranda,Leonardo.Miranda643@example.com,2025-01-10,,active
176,Leopoldo Cornejo,Leopoldo.Cornejo176@example.com,2025-05-02,,active
573,Leyre Romeu,Leyre.Romeu573@example.com,2024-11-27,2026-01-14,inactive
113,Leyre Cabello,Leyre.Cabello113@example.com,2024-10-14,2026-02-26,inactive
85,Leyre Aller,Leyre.Aller85@example.com,2024-06-29,,active
901,León Meléndez,León.Meléndez901@example.com,2025-01-05,,active
981,León Mendizábal,León.Mendizábal981@example.com,2024-07-12,2026-05-31,inactive
632,León Saez,León.Saez632@example.com,2024-10-13,2026-02-28,inactive
610,León Moliner,León.Moliner610@example.com,2024-08-21,2026-04-22,inactive
666,Liliana Echeverría,Liliana.Echeverría666@example.com,2025-01-26,2025-11-14,inactive
840,Lina Sanz,Lina.Sanz840@example.com,2024-12-14,2025-12-27,inactive
360,Lola Cuevas,Lola.Cuevas360@example.com,2025-02-17,2025-10-24,inactive
676,Lola Tirado,Lola.Tirado676@example.com,2024-08-23,2026-04-19,inactive
766,Lope Morante,Lope.Morante766@example.com,2024-12-19,2025-12-22,inactive
118,Lope Cortes,Lope.Cortes118@example.com,2025-04-13,,active
234,Lope Larrañaga,Lope.Larrañaga234@example.com,2024-09-11,,active
49,Lorena Crespo,Lorena.Crespo49@example.com,2025-02-14,2025-10-26,inactive
551,Lorena Romeu,Lorena.Romeu551@example.com,2024-08-27,,active
784,Lorena Durán,Lorena.Durán784@example.com,2025-05-20,2025-07-23,inactive
584,Lorenza Morcillo,Lorenza.Morcillo584@example.com,2025-01-29,,active
704,Loreto Jimenez,Loreto.Jimenez704@example.com,2024-12-24,2025-12-17,inactive
352,Loreto Coloma,Loreto.Coloma352@example.com,2025-04-22,,active
386,Lucas Aguiló,Lucas.Aguiló386@example.com,2024-09-29,2026-03-13,inactive
94,Lucas Alemany,Lucas.Alemany94@example.com,2024-08-14,2026-04-28,inactive
982,Lucas Pareja,Lucas.Pareja982@example.com,2024-06-23,2026-06-20,inactive
701,Lucas Almazán,Lucas.Almazán701@example.com,2024-08-03,,active
775,Lucas Lloret,Lucas.Lloret775@example.com,2024-12-11,,active
269,Lucho Aragonés,Lucho.Aragonés269@example.com,2024-12-18,,active
227,Luciano Cuadrado,Luciano.Cuadrado227@example.com,2024-11-24,2026-01-16,inactive
635,Luciano Pinilla,Luciano.Pinilla635@example.com,2024-12-01,,active
78,Luciano Bas,Luciano.Bas78@example.com,2024-08-15,2026-04-27,inactive
894,Luciano Céspedes,Luciano.Céspedes894@example.com,2024-07-20,2026-05-24,inactive
200,Luis Miguel Cerezo,Luis Miguel.Cerezo200@example.com,2024-07-23,2026-05-21,inactive
950,Luis Miguel Losa,Luis Miguel.Losa950@example.com,2025-06-13,,active
983,Luis Miguel Sabater,Luis Miguel.Sabater983@example.com,2025-02-15,,active
235,Luisa Salom,Luisa.Salom235@example.com,2024-06-27,,active
98,Luisina Pera,Luisina.Pera98@example.com,2024-12-04,,active
375,Lupe Blazquez,Lupe.Blazquez375@example.com,2024-06-30,2026-06-12,inactive
486,Lupe Téllez,Lupe.Téllez486@example.com,2024-09-06,,active
767,Lupe Guitart,Lupe.Guitart767@example.com,2024-07-20,2026-05-24,inactive
549,Lupe Mármol,Lupe.Mármol549@example.com,2025-04-24,,active
627,Lupita Núñez,Lupita.Núñez627@example.com,2024-10-22,,active
827,Lázaro Ríos,Lázaro.Ríos827@example.com,2024-07-17,,active
957,Lázaro Mármol,Lázaro.Mármol957@example.com,2025-03-23,,active
861,Lázaro Colom,Lázaro.Colom861@example.com,2025-02-26,2025-10-14,inactive
786,Magdalena Benet,Magdalena.Benet786@example.com,2024-07-14,2026-05-29,inactive
310,Maite Ledesma,Maite.Ledesma310@example.com,2025-06-05,2025-07-08,inactive
942,Maite Comas,Maite.Comas942@example.com,2025-03-28,,active
714,Maite Porcel,Maite.Porcel714@example.com,2025-02-18,,active
613,Maite Manzano,Maite.Manzano613@example.com,2024-12-31,,active
464,Manuela Soto,Manuela.Soto464@example.com,2025-05-09,2025-08-03,inactive
39,Manuela Marti,Manuela.Marti39@example.com,2024-08-07,2026-05-06,inactive
987,Manuela Arteaga,Manuela.Arteaga987@example.com,2024-10-11,2026-03-02,inactive
470,Manuela Montserrat,Manuela.Montserrat470@example.com,2025-03-11,2025-10-01,inactive
697,Manuelita Tejedor,Manuelita.Tejedor697@example.com,2024-09-04,,active
790,Manuelita Catalán,Manuelita.Catalán790@example.com,2025-04-01,2025-09-10,inactive
900,Manuelita Guzman,Manuelita.Guzman900@example.com,2025-01-14,2025-11-27,inactive
641,Marc Valenciano,Marc.Valenciano641@example.com,2025-05-12,2025-08-01,inactive
165,Marcela Mateu,Marcela.Mateu165@example.com,2024-09-24,,active
212,Marcela Aller,Marcela.Aller212@example.com,2024-09-18,2026-03-24,inactive
134,Marcela Arjona,Marcela.Arjona134@example.com,2025-05-20,,active
937,Marcela Coello,Marcela.Coello937@example.com,2024-10-07,,active
999,Marcela Jimenez,Marcela.Jimenez999@example.com,2025-03-07,2025-10-05,inactive
503,Marcela Hernandez,Marcela.Hernandez503@example.com,2024-10-15,2026-02-26,inactive
189,Marcelino Gonzalez,Marcelino.Gonzalez189@example.com,2024-11-08,2026-02-01,inactive
649,Marcelino Heras,Marcelino.Heras649@example.com,2024-07-29,,active
423,Marcelino Marti,Marcelino.Marti423@example.com,2025-01-01,2025-12-10,inactive
644,Marcelo Hierro,Marcelo.Hierro644@example.com,2024-12-07,2026-01-04,inactive
897,Marcial Solano,Marcial.Solano897@example.com,2024-08-30,,active
511,Marcial Jara,Marcial.Jara511@example.com,2025-04-16,,active
97,Marcial Esteve,Marcial.Esteve97@example.com,2025-01-24,,active
664,Marcial Rodrigo,Marcial.Rodrigo664@example.com,2025-04-28,2025-08-14,inactive
114,Marcial Almazán,Marcial.Almazán114@example.com,2024-07-10,,active
295,Marcial Mendizábal,Marcial.Mendizábal295@example.com,2024-10-19,,active
418,Marcial Sabater,Marcial.Sabater418@example.com,2024-11-26,,active
637,Marcial Alcolea,Marcial.Alcolea637@example.com,2025-03-18,2025-09-25,inactive
824,Marciano Monreal,Marciano.Monreal824@example.com,2024-09-03,,active
597,Marciano Luz,Marciano.Luz597@example.com,2025-01-28,2025-11-12,inactive
569,Marco Sastre,Marco.Sastre569@example.com,2025-03-26,,active
319,Marcos Mateu,Marcos.Mateu319@example.com,2024-07-30,2026-05-13,inactive
68,Marcos Company,Marcos.Company68@example.com,2024-11-28,,active
425,Marcos Lladó,Marcos.Lladó425@example.com,2024-12-29,2025-12-13,inactive
222,Marcos Bellido,Marcos.Bellido222@example.com,2025-05-11,2025-08-02,inactive
920,Marcos Tamayo,Marcos.Tamayo920@example.com,2025-03-09,,active
838,Mariana Ibáñez,Mariana.Ibáñez838@example.com,2025-04-14,,active
594,Marianela Ayuso,Marianela.Ayuso594@example.com,2024-07-25,,active
237,Marianela Tejero,Marianela.Tejero237@example.com,2024-06-24,2026-06-19,inactive
962,Marianela Sastre,Marianela.Sastre962@example.com,2024-09-24,2026-03-19,inactive
9,Maribel Vilar,Maribel.Vilar9@example.com,2024-08-16,2026-04-27,inactive
472,Maribel Feijoo,Maribel.Feijoo472@example.com,2025-02-13,2025-10-28,inactive
590,Maricela Barroso,Maricela.Barroso590@example.com,2025-01-01,,active
304,Maricela Boada,Maricela.Boada304@example.com,2025-06-21,2025-06-22,inactive
919,Maricruz Mariscal,Maricruz.Mariscal919@example.com,2024-12-07,2026-01-03,inactive
935,Marino Olmo,Marino.Olmo935@example.com,2024-09-23,2026-03-20,inactive
876,Mario Sales,Mario.Sales876@example.com,2025-06-17,,active
406,Mario Cuevas,Mario.Cuevas406@example.com,2024-12-22,,active
864,Marisa Tolosa,Marisa.Tolosa864@example.com,2025-01-09,2025-12-02,inactive
991,Marisa Casals,Marisa.Casals991@example.com,2024-06-30,2026-06-13,inactive
56,Marisa Sáenz,Marisa.Sáenz56@example.com,2025-04-11,2025-08-31,inactive
499,Marisa Sanz,Marisa.Sanz499@example.com,2025-03-14,,active
33,Marisa Baeza,Marisa.Baeza33@example.com,2025-04-10,2025-09-01,inactive
429,Marisol Gaya,Marisol.Gaya429@example.com,2025-01-21,,active
5,Martina Alcalá,Martina.Alcalá5@example.com,2024-07-24,,active
89,Martina Bravo,Martina.Bravo89@example.com,2024-06-26,2026-06-16,inactive
992,Martina Raya,Martina.Raya992@example.com,2025-02-04,,active
604,Martirio Sevilla,Martirio.Sevilla604@example.com,2024-08-16,,active
660,Martirio Almeida,Martirio.Almeida660@example.com,2024-09-05,2026-04-07,inactive
642,María Belén Marí,María Belén.Marí642@example.com,2025-03-13,2025-09-29,inactive
484,María Belén Iniesta,María Belén.Iniesta484@example.com,2024-10-17,,active
533,María Carmen Mora,María Carmen.Mora533@example.com,2025-01-20,2025-11-20,inactive
932,María Dolores Juárez,María Dolores.Juárez932@example.com,2024-12-31,,active
648,María Dolores Lasa,María Dolores.Lasa648@example.com,2024-09-05,2026-04-07,inactive
382,María Dolores Luna,María Dolores.Luna382@example.com,2024-09-19,2026-03-24,inactive
880,María Jesús Giralt,María Jesús.Giralt880@example.com,2024-08-23,2026-04-20,inactive
123,María Jesús Saura,María Jesús.Saura123@example.com,2025-06-08,,active
38,María Jesús Olivera,María Jesús.Olivera38@example.com,2025-01-21,,active
739,María José Contreras,María José.Contreras739@example.com,2024-11-10,,active
695,María José Daza,María José.Daza695@example.com,2025-06-11,2025-07-02,inactive
37,María José Pi,María José.Pi37@example.com,2025-03-24,2025-09-18,inactive
193,María José Matas,María José.Matas193@example.com,2025-01-13,,active
228,María Manuela Ramón,María Manuela.Ramón228@example.com,2025-04-27,2025-08-16,inactive
7,María Teresa Mínguez,María Teresa.Mínguez7@example.com,2024-08-27,,active
208,María Teresa Amigó,María Teresa.Amigó208@example.com,2025-03-21,,active
137,Mateo Aliaga,Mateo.Aliaga137@example.com,2024-08-25,,active
92,Maura Adán,Maura.Adán92@example.com,2025-04-21,,active
334,Mauricio Alcolea,Mauricio.Alcolea334@example.com,2024-11-11,,active
609,Maximiano Velasco,Maximiano.Velasco609@example.com,2024-12-23,,active
936,Maximiano Villalba,Maximiano.Villalba936@example.com,2024-12-28,,active
95,Maximiano Acedo,Maximiano.Acedo95@example.com,2025-05-11,,active
349,Melania Morillo,Melania.Morillo349@example.com,2024-07-26,,active
358,Melania Benavent,Melania.Benavent358@example.com,2025-03-20,,active
764,Melisa Agustín,Melisa.Agustín764@example.com,2025-03-11,2025-10-02,inactive
556,Melisa Hernández,Melisa.Hernández556@example.com,2024-07-09,2026-06-04,inactive
630,Melisa Bueno,Melisa.Bueno630@example.com,2024-12-11,,active
909,Micaela Carbó,Micaela.Carbó909@example.com,2024-09-30,2026-03-13,inactive
802,Miguela Morillo,Miguela.Morillo802@example.com,2024-07-25,2026-05-18,inactive
201,Milagros Bermúdez,Milagros.Bermúdez201@example.com,2025-05-11,,active
231,Mireia Peláez,Mireia.Peláez231@example.com,2024-09-22,,active
350,Mireia Doménech,Mireia.Doménech350@example.com,2025-03-21,,active
618,Mireia Agustín,Mireia.Agustín618@example.com,2025-01-26,2025-11-14,inactive
495,Miriam Ayllón,Miriam.Ayllón495@example.com,2025-05-01,2025-08-11,inactive
77,Miriam Manzanares,Miriam.Manzanares77@example.com,2025-01-11,2025-11-29,inactive
777,Miriam Aguiló,Miriam.Aguiló777@example.com,2024-10-17,,active
125,Mirta Mayoral,Mirta.Mayoral125@example.com,2025-05-09,2025-08-03,inactive
814,Mirta Luís,Mirta.Luís814@example.com,2025-02-20,,active
253,Mirta Sola,Mirta.Sola253@example.com,2024-09-21,,active
311,Mirta Anguita,Mirta.Anguita311@example.com,2024-12-24,,active
678,Mirta Carrasco,Mirta.Carrasco678@example.com,2024-08-12,,active
391,Modesto Real,Modesto.Real391@example.com,2025-04-09,,active
578,Moisés Perez,Moisés.Perez578@example.com,2025-03-11,,active
277,Moreno Carreras,Moreno.Carreras277@example.com,2025-02-21,,active
930,Moreno Crespo,Moreno.Crespo930@example.com,2024-06-30,2026-06-13,inactive
761,Mónica Fabregat,Mónica.Fabregat761@example.com,2025-04-26,,active
370,Mónica Cobos,Mónica.Cobos370@example.com,2025-02-09,,active
87,Mónica Llorente,Mónica.Llorente87@example.com,2025-05-29,,active
879,Mónica Vélez,Mónica.Vélez879@example.com,2025-01-17,,active
74,Nacho Crespi,Nacho.Crespi74@example.com,2025-05-31,,active
162,Nadia Camacho,Nadia.Camacho162@example.com,2025-02-22,2025-10-18,inactive
192,Nando Sanz,Nando.Sanz192@example.com,2025-01-02,,active
20,Nando Gascón,Nando.Gascón20@example.com,2024-12-19,2025-12-22,inactive
889,Nando Solsona,Nando.Solsona889@example.com,2025-04-04,2025-09-08,inactive
195,Nando Clemente,Nando.Clemente195@example.com,2025-02-18,2025-10-23,inactive
690,Natalia Bravo,Natalia.Bravo690@example.com,2025-01-27,,active
409,Natalia Almansa,Natalia.Almansa409@example.com,2024-11-13,,active
480,Natalio Garay,Natalio.Garay480@example.com,2024-12-07,,active
589,Natalio Carnero,Natalio.Carnero589@example.com,2025-04-22,2025-08-21,inactive
209,Natividad Matas,Natividad.Matas209@example.com,2025-06-06,,active
989,Nazaret Bosch,Nazaret.Bosch989@example.com,2025-04-03,2025-09-09,inactive
150,Nazaret Andrade,Nazaret.Andrade150@example.com,2024-11-14,2026-01-26,inactive
76,Nazario Flor,Nazario.Flor76@example.com,2024-12-25,2025-12-16,inactive
54,Nazario Torralba,Nazario.Torralba54@example.com,2024-12-25,,active
246,Nicodemo Romero,Nicodemo.Romero246@example.com,2024-08-07,2026-05-05,inactive
858,Nicodemo Marquez,Nicodemo.Marquez858@example.com,2025-01-08,,active
354,Nidia Nogueira,Nidia.Nogueira354@example.com,2025-01-11,,active
546,Nidia Lorenzo,Nidia.Lorenzo546@example.com,2025-04-13,2025-08-30,inactive
452,Nilo Armengol,Nilo.Armengol452@example.com,2025-01-29,2025-11-11,inactive
62,Noa Amat,Noa.Amat62@example.com,2025-05-15,,active
10,Noa Almagro,Noa.Almagro10@example.com,2024-07-12,,active
837,Noa Botella,Noa.Botella837@example.com,2024-12-05,,active
168,Noelia Ochoa,Noelia.Ochoa168@example.com,2025-05-15,2025-07-29,inactive
607,Noelia Rius,Noelia.Rius607@example.com,2024-07-01,2026-06-12,inactive
853,Noelia Adán,Noelia.Adán853@example.com,2024-10-18,2026-02-23,inactive
24,Noelia Plana,Noelia.Plana24@example.com,2025-06-07,,active
308,Noelia Torres,Noelia.Torres308@example.com,2024-08-16,2026-04-26,inactive
81,Noelia Alcalá,Noelia.Alcalá81@example.com,2024-07-20,,active
65,Noemí Espinosa,Noemí.Espinosa65@example.com,2024-06-29,,active
990,Noemí Durán,Noemí.Durán990@example.com,2025-01-07,,active
66,Norberto Bernat,Norberto.Bernat66@example.com,2024-07-08,,active
545,Norberto Mínguez,Norberto.Mínguez545@example.com,2024-11-05,2026-02-04,inactive
580,Norberto Hernández,Norberto.Hernández580@example.com,2025-01-03,,active
16,Norberto Rico,Norberto.Rico16@example.com,2025-03-09,,active
155,Nuria Montesinos,Nuria.Montesinos155@example.com,2025-03-08,2025-10-05,inactive
686,Nuria Mosquera,Nuria.Mosquera686@example.com,2025-01-12,,active
893,Nydia Naranjo,Nydia.Naranjo893@example.com,2024-09-16,2026-03-26,inactive
365,Nydia Durán,Nydia.Durán365@example.com,2024-09-09,2026-04-02,inactive
185,Obdulia Torrents,Obdulia.Torrents185@example.com,2024-11-29,2026-01-12,inactive
661,Obdulia Benavides,Obdulia.Benavides661@example.com,2025-01-17,2025-11-23,inactive
331,Obdulia Palmer,Obdulia.Palmer331@example.com,2025-04-15,2025-08-28,inactive
451,Olalla Malo,Olalla.Malo451@example.com,2024-09-18,,active
671,Olalla Jimenez,Olalla.Jimenez671@example.com,2025-02-06,,active
740,Olegario Cabeza,Olegario.Cabeza740@example.com,2024-09-26,2026-03-17,inactive
684,Olegario Carreras,Olegario.Carreras684@example.com,2025-01-11,2025-11-29,inactive
144,Olegario Luna,Olegario.Luna144@example.com,2024-10-24,2026-02-17,inactive
442,Olegario Guardiola,Olegario.Guardiola442@example.com,2024-07-17,2026-05-26,inactive
177,Olga Carpio,Olga.Carpio177@example.com,2025-04-20,2025-08-22,inactive
141,Olga Soto,Olga.Soto141@example.com,2025-05-31,,active
143,Olga Jara,Olga.Jara143@example.com,2024-07-23,,active
366,Omar Tirado,Omar.Tirado366@example.com,2025-03-09,,active
757,Omar Planas,Omar.Planas757@example.com,2024-12-12,,active
281,Onofre Bas,Onofre.Bas281@example.com,2025-04-04,,active
972,Onofre Crespi,Onofre.Crespi972@example.com,2025-06-05,2025-07-07,inactive
268,Onofre Pont,Onofre.Pont268@example.com,2024-07-27,2026-05-17,inactive
450,Onofre Mosquera,Onofre.Mosquera450@example.com,2024-08-23,,active
677,Onofre Vázquez,Onofre.Vázquez677@example.com,2024-11-10,2026-01-31,inactive
564,Onofre Marquez,Onofre.Marquez564@example.com,2024-11-06,,active
324,Otilia Herrero,Otilia.Herrero324@example.com,2025-01-09,,active
651,Otilia Palomar,Otilia.Palomar651@example.com,2024-07-07,2026-06-06,inactive
487,Paca Adán,Paca.Adán487@example.com,2024-11-03,,active
689,Paco Larrañaga,Paco.Larrañaga689@example.com,2024-10-16,,active
136,Paco Jaén,Paco.Jaén136@example.com,2025-01-16,,active
322,Paco Maestre,Paco.Maestre322@example.com,2025-02-22,2025-10-19,inactive
820,Pancho Vallés,Pancho.Vallés820@example.com,2024-06-22,2026-06-21,inactive
173,Pancho Maestre,Pancho.Maestre173@example.com,2024-10-24,2026-02-17,inactive
320,Pascual Niño,Pascual.Niño320@example.com,2024-10-10,,active
394,Paula Rivera,Paula.Rivera394@example.com,2024-10-16,,active
783,Paulino Requena,Paulino.Requena783@example.com,2024-10-27,2026-02-14,inactive
568,Pedro Matas,Pedro.Matas568@example.com,2025-01-31,2025-11-09,inactive
52,Pedro Miranda,Pedro.Miranda52@example.com,2024-11-28,,active
272,Pedro Gual,Pedro.Gual272@example.com,2024-09-07,2026-04-04,inactive
332,Pepito Lillo,Pepito.Lillo332@example.com,2024-12-07,2026-01-04,inactive
947,Pepito Casals,Pepito.Casals947@example.com,2024-11-16,,active
210,Pepito Cuadrado,Pepito.Cuadrado210@example.com,2024-10-30,2026-02-11,inactive
751,Perla Córdoba,Perla.Córdoba751@example.com,2024-09-16,2026-03-26,inactive
353,Perla Cabello,Perla.Cabello353@example.com,2024-08-25,2026-04-17,inactive
953,Perla Puga,Perla.Puga953@example.com,2025-01-31,,active
467,Perlita Carpio,Perlita.Carpio467@example.com,2025-02-17,,active
299,Perlita Quevedo,Perlita.Quevedo299@example.com,2024-10-08,,active
457,Piedad Ariza,Piedad.Ariza457@example.com,2025-05-16,2025-07-28,inactive
363,Piedad Llorente,Piedad.Llorente363@example.com,2024-07-26,2026-05-18,inactive
57,Plinio Armengol,Plinio.Armengol57@example.com,2024-10-23,,active
169,Porfirio Plana,Porfirio.Plana169@example.com,2024-10-07,2026-03-05,inactive
520,Primitivo Paredes,Primitivo.Paredes520@example.com,2024-08-13,2026-04-30,inactive
974,Primitivo Feijoo,Primitivo.Feijoo974@example.com,2024-07-09,,active
756,Primitivo Heredia,Primitivo.Heredia756@example.com,2025-03-10,,active
593,Pía Arranz,Pía.Arranz593@example.com,2024-07-23,,active
557,Pía Guijarro,Pía.Guijarro557@example.com,2024-09-07,,active
683,Rafael Ramos,Rafael.Ramos683@example.com,2025-02-06,2025-11-03,inactive
507,Raimundo Andrade,Raimundo.Andrade507@example.com,2025-03-17,,active
417,Raimundo Aliaga,Raimundo.Aliaga417@example.com,2024-08-08,2026-05-05,inactive
279,Raquel Cobos,Raquel.Cobos279@example.com,2024-10-25,2026-02-16,inactive
343,Raúl Ríos,Raúl.Ríos343@example.com,2024-08-20,,active
754,Raúl Arcos,Raúl.Arcos754@example.com,2025-06-04,,active
997,Rebeca Izquierdo,Rebeca.Izquierdo997@example.com,2024-10-02,2026-03-10,inactive
309,Rebeca Núñez,Rebeca.Núñez309@example.com,2025-03-19,,active
453,Rebeca Jara,Rebeca.Jara453@example.com,2024-08-20,2026-04-22,inactive
582,Rebeca Hernández,Rebeca.Hernández582@example.com,2024-06-30,,active
179,Rebeca Iriarte,Rebeca.Iriarte179@example.com,2025-01-23,2025-11-18,inactive
788,Rebeca Almansa,Rebeca.Almansa788@example.com,2024-11-08,,active
58,Regina Jordán,Regina.Jordán58@example.com,2025-02-13,2025-10-27,inactive
559,Regina Rico,Regina.Rico559@example.com,2025-05-14,,active
461,Reina Guardiola,Reina.Guardiola461@example.com,2025-02-10,2025-10-31,inactive
579,Reina Agustín,Reina.Agustín579@example.com,2024-06-30,2026-06-12,inactive
88,Reina Ugarte,Reina.Ugarte88@example.com,2024-07-21,,active
435,Renata Hidalgo,Renata.Hidalgo435@example.com,2025-05-01,2025-08-11,inactive
693,Renata Bueno,Renata.Bueno693@example.com,2024-08-11,2026-05-01,inactive
245,Reyes Pedrosa,Reyes.Pedrosa245@example.com,2024-08-12,2026-05-01,inactive
587,Reyna Carrillo,Reyna.Carrillo587@example.com,2024-12-18,2025-12-23,inactive
339,Reynaldo Contreras,Reynaldo.Contreras339@example.com,2025-06-09,,active
868,Reynaldo Carmona,Reynaldo.Carmona868@example.com,2025-02-07,,active
720,Reynaldo Acedo,Reynaldo.Acedo720@example.com,2024-10-12,,active
773,Ricardo Espada,Ricardo.Espada773@example.com,2024-09-14,,active
623,Ricardo Pi,Ricardo.Pi623@example.com,2024-07-29,,active
127,Rico Montesinos,Rico.Montesinos127@example.com,2025-03-04,,active
978,Rico Pera,Rico.Pera978@example.com,2024-09-22,2026-03-21,inactive
922,Roberta Coca,Roberta.Coca922@example.com,2025-01-16,,active
574,Roberta Mosquera,Roberta.Mosquera574@example.com,2024-11-26,,active
612,Roberto Segura,Roberto.Segura612@example.com,2024-09-05,,active
654,Roberto Bosch,Roberto.Bosch654@example.com,2025-05-29,2025-07-14,inactive
396,Rogelio Adán,Rogelio.Adán396@example.com,2025-03-30,2025-09-12,inactive
562,Rosa María Palma,Rosa María.Palma562@example.com,2024-10-26,,active
688,Rosalina Espada,Rosalina.Espada688@example.com,2025-03-11,,active
377,Rosalinda Company,Rosalinda.Company377@example.com,2024-08-24,,active
378,Rosalinda Baños,Rosalinda.Baños378@example.com,2024-07-02,,active
413,Rosalva Daza,Rosalva.Daza413@example.com,2025-01-06,,active
563,Rosalva Quintero,Rosalva.Quintero563@example.com,2024-09-08,,active
410,Rosario Llabrés,Rosario.Llabrés410@example.com,2024-07-08,2026-06-05,inactive
537,Rosario Amat,Rosario.Amat537@example.com,2025-02-15,2025-10-26,inactive
638,Rosaura Lobo,Rosaura.Lobo638@example.com,2025-05-17,,active
313,Roxana Benavent,Roxana.Benavent313@example.com,2025-04-23,,active
262,Roxana Clemente,Roxana.Clemente262@example.com,2024-07-11,,active
151,Ruth Solano,Ruth.Solano151@example.com,2024-07-07,2026-06-05,inactive
405,Ruy Antúnez,Ruy.Antúnez405@example.com,2024-12-26,2025-12-15,inactive
789,Sabas Gargallo,Sabas.Gargallo789@example.com,2025-04-13,2025-08-30,inactive
791,Sabas Quintero,Sabas.Quintero791@example.com,2025-05-15,2025-07-29,inactive
847,Sabina Redondo,Sabina.Redondo847@example.com,2025-04-26,,active
274,Sabina Nevado,Sabina.Nevado274@example.com,2024-07-21,2026-05-23,inactive
911,Salomé Barba,Salomé.Barba911@example.com,2025-01-12,,active
561,Salomé Cabanillas,Salomé.Cabanillas561@example.com,2024-11-30,2026-01-11,inactive
721,Salomón Borja,Salomón.Borja721@example.com,2025-01-05,2025-12-05,inactive
928,Salomón Segura,Salomón.Segura928@example.com,2024-07-26,,active
1000,Salomón Camacho,Salomón.Camacho1000@example.com,2025-06-09,2025-07-04,inactive
977,Salud Frutos,Salud.Frutos977@example.com,2024-12-08,,active
845,Salvador Echeverría,Salvador.Echeverría845@example.com,2024-12-10,2025-12-31,inactive
890,Samuel Rosselló,Samuel.Rosselló890@example.com,2024-08-31,2026-04-11,inactive
294,Samuel Río,Samuel.Río294@example.com,2024-09-04,2026-04-07,inactive
746,Sancho Peinado,Sancho.Peinado746@example.com,2025-01-22,2025-11-18,inactive
290,Sancho Fernández,Sancho.Fernández290@example.com,2024-07-13,,active
547,Sancho Aguado,Sancho.Aguado547@example.com,2024-12-10,,active
224,Sandra Lara,Sandra.Lara224@example.com,2024-10-28,2026-02-12,inactive
528,Sandra Casanova,Sandra.Casanova528@example.com,2024-10-23,,active
631,Santiago Cal,Santiago.Cal631@example.com,2025-06-20,2025-06-23,inactive
445,Sara Pedrosa,Sara.Pedrosa445@example.com,2024-07-18,,active
148,Sarita Sosa,Sarita.Sosa148@example.com,2024-08-09,2026-05-04,inactive
904,Sarita Perera,Sarita.Perera904@example.com,2024-11-24,,active
478,Sarita Espada,Sarita.Espada478@example.com,2025-04-11,,active
159,Saturnina Flores,Saturnina.Flores159@example.com,2024-06-28,2026-06-15,inactive
108,Sebastian Carbó,Sebastian.Carbó108@example.com,2025-02-18,2025-10-22,inactive
289,Sebastian Montserrat,Sebastian.Montserrat289@example.com,2025-04-30,,active
278,Segismundo Madrigal,Segismundo.Madrigal278@example.com,2025-05-31,,active
842,Segismundo Escudero,Segismundo.Escudero842@example.com,2025-05-12,,active
815,Selena Río,Selena.Río815@example.com,2024-12-31,,active
297,Serafina Hidalgo,Serafina.Hidalgo297@example.com,2025-02-03,,active
333,Seve Cerdá,Seve.Cerdá333@example.com,2024-08-12,2026-05-01,inactive
895,Seve Romero,Seve.Romero895@example.com,2024-11-24,,active
491,Seve Belda,Seve.Belda491@example.com,2025-01-23,,active
749,Seve Villaverde,Seve.Villaverde749@example.com,2024-08-24,,active
355,Seve Sala,Seve.Sala355@example.com,2024-10-28,2026-02-13,inactive
82,Simón Cabanillas,Simón.Cabanillas82@example.com,2025-03-21,2025-09-22,inactive
267,Simón Feliu,Simón.Feliu267@example.com,2025-02-11,2025-10-30,inactive
975,Sofía Mate,Sofía.Mate975@example.com,2025-01-13,2025-11-28,inactive
99,Sol Menéndez,Sol.Menéndez99@example.com,2024-08-17,,active
298,Sol Villaverde,Sol.Villaverde298@example.com,2024-10-15,,active
807,Sol Pacheco,Sol.Pacheco807@example.com,2024-12-12,2025-12-30,inactive
856,Sol Iriarte,Sol.Iriarte856@example.com,2024-08-13,,active
818,Sonia Salamanca,Sonia.Salamanca818@example.com,2024-12-10,,active
998,Sonia Verdejo,Sonia.Verdejo998@example.com,2025-02-06,2025-11-03,inactive
421,Sonia Luna,Sonia.Luna421@example.com,2025-04-02,2025-09-09,inactive
663,Sosimo Cerdá,Sosimo.Cerdá663@example.com,2025-06-07,,active
493,Sosimo Nieto,Sosimo.Nieto493@example.com,2024-08-25,2026-04-17,inactive
325,Tania Lara,Tania.Lara325@example.com,2024-06-27,,active
940,Tania Madrigal,Tania.Madrigal940@example.com,2024-08-23,,active
336,Tecla Jimenez,Tecla.Jimenez336@example.com,2025-06-16,2025-06-26,inactive
867,Tecla Nevado,Tecla.Nevado867@example.com,2024-10-23,,active
916,Telmo Cabanillas,Telmo.Cabanillas916@example.com,2024-09-19,,active
843,Teo Bellido,Teo.Bellido843@example.com,2025-05-16,,active
933,Teo Malo,Teo.Malo933@example.com,2024-09-10,2026-04-01,inactive
698,Teófilo Gascón,Teófilo.Gascón698@example.com,2025-06-07,2025-07-06,inactive
351,Teófilo Menéndez,Teófilo.Menéndez351@example.com,2025-04-20,,active
474,Teófilo Arcos,Teófilo.Arcos474@example.com,2024-11-19,2026-01-22,inactive
131,Teófilo Ayuso,Teófilo.Ayuso131@example.com,2025-05-07,,active
260,Teófilo Guardiola,Teófilo.Guardiola260@example.com,2025-03-23,,active
103,Teófilo Perera,Teófilo.Perera103@example.com,2024-07-14,2026-05-30,inactive
384,Tito Bueno,Tito.Bueno384@example.com,2025-04-03,2025-09-08,inactive
361,Tito Matas,Tito.Matas361@example.com,2025-05-31,,active
171,Tomasa Leon,Tomasa.Leon171@example.com,2025-01-22,2025-11-18,inactive
924,Tomás Lluch,Tomás.Lluch924@example.com,2024-11-03,,active
203,Tomás Múgica,Tomás.Múgica203@example.com,2024-09-16,,active
152,Toño Céspedes,Toño.Céspedes152@example.com,2024-12-01,2026-01-10,inactive
945,Trini Sanmartín,Trini.Sanmartín945@example.com,2024-08-09,2026-05-04,inactive
996,Trinidad Pulido,Trinidad.Pulido996@example.com,2025-02-21,,active
428,Trinidad Puga,Trinidad.Puga428@example.com,2025-04-14,,active
923,Trinidad Carreras,Trinidad.Carreras923@example.com,2024-12-09,2026-01-01,inactive
592,Trinidad Rodrigo,Trinidad.Rodrigo592@example.com,2024-11-28,2026-01-13,inactive
576,Urbano Alcázar,Urbano.Alcázar576@example.com,2024-08-09,2026-05-04,inactive
736,Urbano Comas,Urbano.Comas736@example.com,2025-02-19,2025-10-21,inactive
186,Urbano Ramón,Urbano.Ramón186@example.com,2025-01-28,,active
728,Urbano Núñez,Urbano.Núñez728@example.com,2025-01-20,,active
850,Urbano Piquer,Urbano.Piquer850@example.com,2025-04-20,2025-08-22,inactive
139,Vanesa Sales,Vanesa.Sales139@example.com,2024-10-20,2026-02-21,inactive
891,Vanesa Ariño,Vanesa.Ariño891@example.com,2025-01-23,2025-11-17,inactive
780,Vasco Corominas,Vasco.Corominas780@example.com,2024-11-07,2026-02-02,inactive
800,Vasco Vera,Vasco.Vera800@example.com,2025-05-16,,active
949,Venceslás Galván,Venceslás.Galván949@example.com,2024-12-11,2025-12-30,inactive
266,Venceslás Arrieta,Venceslás.Arrieta266@example.com,2025-05-15,2025-07-28,inactive
834,Venceslás Montesinos,Venceslás.Montesinos834@example.com,2025-03-08,2025-10-04,inactive
504,Venceslás Lobo,Venceslás.Lobo504@example.com,2025-04-24,,active
512,Venceslás Mercader,Venceslás.Mercader512@example.com,2025-03-19,2025-09-23,inactive
723,Vera Marquez,Vera.Marquez723@example.com,2025-03-08,2025-10-05,inactive
109,Vera Casals,Vera.Casals109@example.com,2024-10-01,,active
816,Vera Saez,Vera.Saez816@example.com,2024-09-09,2026-04-03,inactive
672,Vera Borja,Vera.Borja672@example.com,2024-12-16,2025-12-25,inactive
67,Vera Carvajal,Vera.Carvajal67@example.com,2024-10-21,2026-02-20,inactive
12,Vera Alcántara,Vera.Alcántara12@example.com,2024-09-16,2026-03-26,inactive
585,Vicenta Hernando,Vicenta.Hernando585@example.com,2024-08-10,,active
743,Vicenta Ramón,Vicenta.Ramón743@example.com,2024-10-24,2026-02-16,inactive
650,Vidal Tomás,Vidal.Tomás650@example.com,2025-01-15,2025-11-26,inactive
679,Vidal Pi,Vidal.Pi679@example.com,2024-11-09,2026-02-01,inactive
571,Vidal Almazán,Vidal.Almazán571@example.com,2025-03-13,,active
575,Vidal Bou,Vidal.Bou575@example.com,2024-11-20,2026-01-21,inactive
154,Vilma Serra,Vilma.Serra154@example.com,2025-03-13,2025-09-30,inactive
172,Vilma Martinez,Vilma.Martinez172@example.com,2025-04-08,,active
713,Vilma Valls,Vilma.Valls713@example.com,2024-09-30,,active
414,Vito Castillo,Vito.Castillo414@example.com,2024-08-06,,active
302,Vito Vall,Vito.Vall302@example.com,2025-05-13,2025-07-30,inactive
829,Vito Suárez,Vito.Suárez829@example.com,2025-02-12,,active
110,Wálter Alcántara,Wálter.Alcántara110@example.com,2025-05-14,2025-07-29,inactive
821,Ximena Garay,Ximena.Garay821@example.com,2024-08-22,,active
257,Xiomara Sevilla,Xiomara.Sevilla257@example.com,2024-12-02,,active
147,Xiomara Feijoo,Xiomara.Feijoo147@example.com,2024-12-08,2026-01-02,inactive
106,Yaiza Luís,Yaiza.Luís106@example.com,2024-10-28,,active
733,Yaiza Acedo,Yaiza.Acedo733@example.com,2025-04-19,2025-08-24,inactive
204,Zacarías Esteve,Zacarías.Esteve204@example.com,2024-10-17,2026-02-23,inactive
691,Zacarías Saavedra,Zacarías.Saavedra691@example.com,2024-09-10,,active
462,Zaida Cerro,Zaida.Cerro462@example.com,2024-07-22,2026-05-21,inactive
707,Zaira Ayuso,Zaira.Ayuso707@example.com,2024-08-14,2026-04-28,inactive
794,Zaira Tomé,Zaira.Tomé794@example.com,2025-04-18,2025-08-24,inactive
629,Zaira Hurtado,Zaira.Hurtado629@example.com,2024-08-18,2026-04-25,inactive
787,Zaira Lastra,Zaira.Lastra787@example.com,2024-09-24,2026-03-18,inactive
312,Zoraida Echeverría,Zoraida.Echeverría312@example.com,2024-09-27,2026-03-15,inactive
653,Ágata Arcos,Ágata.Arcos653@example.com,2024-11-08,,active
882,Águeda Hervia,Águeda.Hervia882@example.com,2025-02-16,2025-10-25,inactive
404,Ámbar Cuadrado,Ámbar.Cuadrado404@example.com,2024-09-07,,active
819,Ámbar Ribera,Ámbar.Ribera819@example.com,2025-01-03,2025-12-07,inactive
389,Ámbar Puga,Ámbar.Puga389@example.com,2025-03-08,2025-10-04,inactive
797,Ángel Escudero,Ángel.Escudero797@example.com,2025-04-19,,active
17,Ángel Vázquez,Ángel.Vázquez17@example.com,2025-02-17,2025-10-24,inactive
285,Ángeles Espada,Ángeles.Espada285@example.com,2024-07-05,2026-06-07,inactive
803,Ángeles Redondo,Ángeles.Redondo803@example.com,2025-05-21,2025-07-22,inactive
860,Édgar Mosquera,Édgar.Mosquera860@example.com,2024-11-12,,active
925,Édgar Cal,Édgar.Cal925@example.com,2024-11-22,,active
599,Óscar Vargas,Óscar.Vargas599@example.com,2025-01-06,2025-12-05,inactive
662,Úrsula Planas,Úrsula.Planas662@example.com,2024-07-08,,active
194,Úrsula Flor,Úrsula.Flor194@example.com,2024-07-30,,active
